Unnamed: 0,Mean_File_Count,Mean_Word_Count,Mean_Positive,Mean_Negative,Mean_Sentiment_Score,Median_Sentiment_Score,StdDev_Sentiment_Score,Date,Mean_Sentiment_Score_Corrected,Mean_Positive_Corrected,Mean_Negative_Corrected,Median_Sentiment_Score_Corrected,StdDev_Sentiment_Score_Corrected,Interest Rate,Interest Rate Change,Treasury Rate,Inflation Rate,GDP Change,Unemployment Rate
1,2,25651.5,1818.0,1106.0,397.6750000000036,397.6750000000036,534.890924628569,2000-06-01,0.4962825931507473,0.070873048359745,0.0431163869559285,0.0155029920277568,0.0208522279254066,6.53,0.0414673046251994,6.097272727272728,0.0058411214953271,0.0245487508271946,0.0
3,2,19812.5,1541.5,1004.5,360.8750000000033,360.8750000000033,483.2721296019506,2000-10-01,0.5711688060810055,0.0778044164037854,0.0507003154574132,0.0182145110410096,0.024392284143947,6.51,-0.0015337423312883,5.738571428571428,0.0069484655471916,0.0113953401598054,0.0
4,2,24102.5,2033.0,1343.5,458.90000000000816,458.90000000000816,633.3555439088022,2000-11-01,0.5939537102528387,0.0843480966704698,0.05574110569443,0.0190395187221245,0.0262775871344799,6.51,0.0,5.717142857142857,0.0017251293847038,0.0113953401598054,0.0
5,2,30273.0,2471.0,1519.0,463.7625000000052,463.7625000000052,664.5566306286544,2000-12-01,0.4912106362514596,0.0816238892742708,0.0501767251346084,0.0153193439698743,0.0219521233650003,6.4,-0.0168970814132103,5.2405,0.002296211251435,0.0113953401598054,0.0
6,3,68018.33333333333,5819.0,3164.333333333333,1105.616666666644,16.44999999999999,1891.8639019055213,2001-01-01,0.517042739881514,0.0855504643355958,0.0465217710911274,0.0002418465609762,0.0278140290888072,5.98,-0.0656249999999999,5.160952380952381,0.0057273768613974,0.003304699693668,0.0769230769230771
7,2,29011.0,2389.0,1425.0,508.7875000000024,508.7875000000024,707.1598141951399,2001-03-01,0.5524779919164217,0.0823480748681534,0.0491192995760228,0.0175377443038848,0.0243755752712812,5.31,-0.0327868852459017,4.885454545454546,0.0028473804100228,0.003304699693668,0.0238095238095237
8,2,29815.5,2347.5,1960.0,380.6499999999999,380.6499999999999,524.3196782498248,2001-05-01,0.4207163315377687,0.0787342154248629,0.0657376196944542,0.0127668494574969,0.0175854732689314,4.21,-0.1229166666666666,5.391363636363637,0.0068143100511073,0.0122985825241104,-0.0227272727272728
9,2,28986.0,2287.0,1757.0,343.9000000000017,343.9000000000017,470.93311627024303,2001-06-01,0.3957912275408682,0.0789001586973021,0.0606154695370178,0.0118643483060788,0.016246916313746,3.97,-0.0570071258907363,5.284285714285714,0.0022560631697687,0.0122985825241104,0.0465116279069768
10,2,31479.5,2566.0,1746.5,420.11250000000393,420.11250000000393,588.9669157198107,2001-08-01,0.4366998766731679,0.0815133658412617,0.0554805508346701,0.0133455899871346,0.0187095384526377,3.65,-0.0318302387267904,4.971304347826087,-0.0016882386043893,-9.24615529767081e-05,0.0652173913043479
11,2,21678.5,1670.5,1707.5,-29.39999999999976,-29.39999999999976,45.96194077712525,2001-10-01,0.0306691420528578,0.0770579145236063,0.078764674677676,-0.0013561823926932,0.0021201624087056,2.49,-0.1889250814332246,4.566818181818181,0.0011273957158963,0.0058921383428225,0.06
12,2,24778.5,2049.5,1702.0,274.2874999999982,274.2874999999982,374.4660736468634,2001-11-01,0.3738413705216654,0.0827128357245192,0.0686885808261194,0.0110695764473232,0.0151125400507239,2.09,-0.1606425702811246,4.6515,-0.000563063063063,0.0058921383428225,0.0377358490566037
13,2,26052.0,1994.5,1683.5,210.4749999999984,210.4749999999984,283.9387279854559,2001-12-01,0.2912491484207594,0.0765584216183018,0.0646207584830339,0.0080790342392138,0.0108989224622085,1.82,-0.1291866028708133,5.0875,-0.0005633802816901,0.0058921383428225,0.0363636363636363
18,2,55436.0,4737.5,2997.0,1088.562499999994,1088.562499999994,1499.7911605661882,2002-11-01,0.6104377796534743,0.0854589075690886,0.054062342160329,0.0196363824951294,0.0270544620926146,1.34,-0.2342857142857142,4.048421052631579,0.0038716814159291,0.0070459503060804,0.0350877192982457
21,2,18261.5,1601.5,1098.5,270.624999999998,270.624999999998,342.8407228582947,2003-03-01,0.4774040762743817,0.0876981628015223,0.0601538756400076,0.0148194288530513,0.0187739628649505,1.25,-0.0079365079365079,3.8071428571428574,0.007119386637459,0.0101881917107846,0.0
24,2,21523.0,1803.5,939.5,389.23750000000194,389.23750000000194,543.5353050285722,2003-08-01,0.5675843536317786,0.0837940807508247,0.0436509780235097,0.0180847233192399,0.0252536962797273,1.03,0.0198019801980198,4.445238095238095,0.0076460950300383,0.0224439363458945,-0.0161290322580646
27,2,24588.0,2092.5,1336.5,454.57500000000033,454.57500000000033,629.9260760200364,2003-12-01,0.5787130489011796,0.0851024890190336,0.0543557833089311,0.0184876769155685,0.0256192482519943,0.98,-0.02,4.267727272727273,0.0032449972958354,0.0177721866165618,-0.0172413793103447
29,2,17807.0,1543.0,817.5,362.35000000000025,362.35000000000025,497.16677785226193,2004-03-01,0.6301115123855022,0.0866513168978491,0.0459089122255292,0.0203487392598416,0.0279197381845488,1.0,-0.0099009900990099,3.826521739130435,0.0042941492216854,0.0128448856860983,0.0357142857142858
30,2,1942.5,163.5,74.5,41.21249999999999,41.21249999999999,35.090174016382406,2004-05-01,0.6540693248698154,0.0841698841698841,0.0383526383526383,0.0212162162162162,0.0180644396480733,1.0,0.0,4.7155000000000005,0.0058792089791555,0.01588198446305,0.0
31,2,2067.0,160.5,55.5,48.29999999999998,48.29999999999998,35.21391770309003,2004-06-01,0.71347475109182,0.0776487663280116,0.0268505079825834,0.0233671988388969,0.0170362446555829,1.03,0.03,4.733809523809524,0.0037194473963868,0.01588198446305,0.0
32,2,18709.5,1451.5,777.5,384.3000000000012,384.3000000000012,506.8541407545189,2004-08-01,0.6354038559560328,0.0775809080948181,0.0415564285523397,0.0205403671931372,0.0270907368317976,1.43,0.1349206349206348,4.281363636363636,0.0015881418740073,0.0158915991039243,-0.018181818181818
33,2,1892.0,115.0,62.0,26.91250000000001,26.91250000000001,16.98824041800681,2004-09-01,0.4609697374463441,0.0607822410147991,0.0327695560253699,0.0142243657505285,0.0089789854217794,1.61,0.125874125874126,4.125714285714285,0.0031712473572937,0.0158915991039243,0.0
35,2,1981.0,130.5,68.5,35.20000000000003,35.20000000000003,17.182694782833114,2004-12-01,0.5588593442689217,0.0658758202927814,0.0345784957092377,0.017768803634528,0.0086737479973917,2.16,0.1191709844559587,4.2309090909090905,0.0,0.0180334387431373,0.0
36,2,2780.0,191.5,82.5,54.525,54.525,57.31100461516966,2005-02-01,0.6098005500186718,0.0688848920863309,0.0296762589928057,0.0196133093525179,0.0206154692860322,2.5,0.0964912280701755,4.165263157894737,0.0036515388628064,0.0191640375904811,0.0188679245283018
37,2,1758.5,117.5,66.0,29.0875,29.0875,26.71095865932184,2005-03-01,0.5249524779358067,0.0668183110605629,0.0375319874893375,0.0165410861529712,0.0151896267610587,2.63,0.052,4.497727272727273,0.0036382536382535,0.0191640375904811,-0.037037037037037
38,2,1686.0,109.5,70.0,21.9875,21.9875,16.104356941523612,2005-05-01,0.4282938950990277,0.0649466192170818,0.0415183867141162,0.013041221826809,0.0095518131325762,3.0,0.075268817204301,4.144285714285714,0.0025893319523562,0.0121693835322558,-0.0192307692307693
39,2,1740.5,97.5,74.0,19.72500000000001,19.72500000000001,8.379215357060595,2005-06-01,0.3811151792016111,0.0560183855214019,0.0425165182418845,0.0113329503016374,0.0048142576024479,3.04,0.0133333333333334,3.998181818181818,0.0005165289256199,0.0121693835322558,-0.0196078431372548
42,5,1598.8,162.4,77.4,40.44499999999998,34.000000000000014,26.45792296269681,2006-02-01,0.7667743317248843,0.1015761821366024,0.048411308481361,0.0212659494620965,0.0165486133116692,4.49,0.0466200466200465,4.568947368421052,0.0005017561465128,0.0206358293523576,0.0212765957446807
43,11,1900.909090909091,174.8181818181818,100.63636363636364,31.25909090909091,31.075000000000014,17.911645208939053,2006-03-01,0.5222790430861955,0.0919655667144906,0.0529411764705882,0.0163474414155906,0.009422673232823,4.59,0.0222717149220488,4.7239130434782615,0.0015045135406217,0.0206358293523576,-0.0208333333333332
44,11,1746.5454545454545,172.54545454545453,96.8181818181818,28.993181818181828,18.45,28.62814631378771,2006-04-01,0.5265878869513587,0.0987924214032896,0.0554341036851967,0.0105637101811367,0.0163912975979421,4.79,0.0435729847494554,4.990526315789474,0.0050075112669003,0.0113436418131709,0.0
45,12,1835.5,194.0,94.75,38.891666666666666,49.59999999999999,34.069436672060114,2006-05-01,0.6533064955968143,0.1056932715881231,0.0516208117679106,0.027022609643149,0.0185613929022392,4.94,0.0313152400835072,5.11,0.0029895366218235,0.0113436418131709,-0.0212765957446809
47,3,2305.0,229.3333333333333,123.33333333333331,43.28333333333336,47.42500000000002,8.573809441160527,2006-07-01,0.5867316554653144,0.0994938539407086,0.0535068691250903,0.0205748373101952,0.0037196570243646,5.24,0.0501002004008015,5.0875,0.0054509415262635,0.0084898131548913,0.0217391304347827
48,4,1859.25,141.75,59.75,41.44374999999999,49.1125,28.995706399109032,2006-08-01,0.6837407367489626,0.0762404195240016,0.0321366142261664,0.0264152211913405,0.0155953779207255,5.25,0.0019083969465647,4.8765217391304345,0.0044356826022671,0.0084898131548913,0.0
51,8,2135.25,176.5,83.375,38.59375000000001,37.80000000000004,13.434196437769234,2006-11-01,0.5673042568972281,0.0826601100573703,0.0390469500058541,0.0177028451001053,0.0062916269466194,5.25,0.0,4.595238095238095,0.0004952947003467,0.0122112259761726,0.0227272727272727
52,5,1730.8,133.6,69.0,32.70000000000001,23.925,41.38670906825042,2006-12-01,0.5899071140299571,0.0771897388490871,0.0398659579385255,0.0138230875895539,0.0239118956946212,5.24,-0.0019047619047618,4.5645,0.0054455445544554,0.0122112259761726,-0.0222222222222221
53,7,2271.428571428572,185.0,114.85714285714286,24.892857142857142,25.449999999999992,34.21833303181484,2007-01-01,0.3707907916129661,0.0814465408805031,0.050566037735849,0.0112044025157232,0.0150646749196669,5.25,0.0019083969465647,4.7595238095238095,0.0016592811422944,0.0125424870864898,0.0454545454545451
54,3,2746.6666666666665,228.66666666666663,147.33333333333334,27.791666666666625,34.45000000000004,24.03932108719651,2007-02-01,0.3475698968900851,0.083252427184466,0.0536407766990291,0.0125424757281553,0.0087521800074744,5.26,0.0019047619047618,4.722631578947369,0.003878350545869,0.0125424870864898,-0.0217391304347824
55,13,2400.846153846154,182.07692307692307,107.84615384615384,34.34230769230769,43.57499999999999,25.317155713022665,2007-03-01,0.4631760124722657,0.0758386466309954,0.0449200602351734,0.0181498510140655,0.0105450970577454,5.26,0.0,4.564545454545455,0.0052001214340977,0.0125424870864898,-0.0222222222222221
56,5,2064.4,192.2,119.2,30.93499999999997,22.875000000000004,24.993396627909497,2007-04-01,0.4819763336523351,0.0931021119937996,0.0577407479170703,0.0110807014144545,0.0121068575023781,5.25,-0.0019011406844106,4.6938095238095245,0.0030006624839249,0.013114489093746,0.0227272727272727
57,12,2121.4166666666665,191.3333333333333,101.75,36.12708333333334,39.13749999999999,23.885299916126943,2007-05-01,0.5384468425197695,0.0901913029814982,0.047963232116903,0.0184487567270298,0.0112591271160593,5.25,0.0,4.746363636363636,0.004132994016629,0.013114489093746,-0.0222222222222221
58,8,2043.5,176.875,93.0,33.94999999999999,24.749999999999982,29.348168597035134,2007-06-01,0.5269566164997487,0.0865549302666992,0.0455101541472963,0.0121115732811353,0.0143617169547517,5.25,0.0,5.102857142857142,0.0023167517109623,0.013114489093746,0.0454545454545451
59,2,2771.5,287.0,111.5,68.6,68.6,15.379572490807384,2007-07-01,0.751718250301099,0.1035540321125744,0.0402309218834566,0.0247519393830055,0.005549187259898,5.26,0.0019047619047618,5.004285714285714,0.0017805958481715,0.0112508038768284,0.0217391304347827
60,6,1503.1666666666667,125.0,66.5,23.22499999999999,13.887499999999996,32.06868020358803,2007-08-01,0.49483882054069,0.0831577780241712,0.044239937908859,0.0092388291384854,0.0213340815191848,5.02,-0.0456273764258555,4.674782608695652,0.000308280708853,0.0112508038768284,-0.0212765957446809
61,10,2421.2,176.4,115.6,25.0375,20.33750000000001,37.91616895277733,2007-09-01,0.3537182119602379,0.0728564348257062,0.0477449198744424,0.0083997604493639,0.015660073084742,4.94,-0.0159362549800795,4.521578947368421,0.004237553390765,0.0112508038768284,0.0217391304347827
62,12,2262.1666666666665,167.16666666666666,119.08333333333331,17.095833333333328,20.787499999999994,21.23388916902469,2007-10-01,0.2768395182034317,0.0738967066971192,0.0526412731157444,0.0091891991453621,0.0093865272978816,4.76,-0.0364372469635628,4.527727272727272,0.0030832378312801,0.0103638964174759,0.0
63,11,2015.090909090909,187.8181818181818,110.27272727272728,29.2409090909091,34.37500000000003,31.012913182913167,2007-11-01,0.4688849181083346,0.0932058107010737,0.0547234503293332,0.0170587837228187,0.0153903295593271,4.49,-0.0567226890756301,4.1485,0.0078588842678906,0.0103638964174759,0.0
64,2,24653.5,1652.0,1493.5,115.41249999999812,115.41249999999812,162.97043539396688,2007-12-01,0.1974134941688805,0.0670087411523718,0.0605796337234064,0.0046813839819903,0.0066104380876535,4.24,-0.0556792873051225,4.0975,0.0028980145517325,0.0103638964174759,0.0638297872340425
65,7,3427.5714285714284,231.57142857142856,169.14285714285714,23.482142857142776,10.900000000000006,48.44851587485598,2008-01-01,0.2573323333612234,0.0675613720668528,0.0493477264202058,0.0031800941941399,0.0141349398209474,3.94,-0.0707547169811321,3.744285714285714,0.0034477050769703,-0.0005789987372118,0.0
66,7,2095.0,184.7142857142857,136.0,16.58928571428572,14.224999999999987,25.96409322323356,2008-02-01,0.2868159164809963,0.0881691101261507,0.0649164677804295,0.0067899761336515,0.0123933619203978,2.98,-0.2436548223350253,3.7375,0.0024178268779397,-0.0005789987372118,-0.0199999999999999
67,12,2153.333333333333,163.5,122.83333333333331,17.099999999999998,16.512500000000003,12.710312563212018,2008-03-01,0.2874418189626478,0.0759287925696594,0.0570433436532507,0.0076683436532507,0.0059026219333801,2.61,-0.1241610738255033,3.51,0.0035780278061188,-0.0005789987372118,0.040816326530612
68,10,2409.4,210.3,127.8,36.5825,30.82500000000001,25.367759092771443,2008-04-01,0.4874517605695975,0.087283141030962,0.0530422511828671,0.0127936415705154,0.0105286623610738,2.28,-0.1264367816091954,3.675,0.0023143810202017,0.0108226014851353,-0.0196078431372548
69,10,2301.8,211.3,154.3,19.29000000000001,15.1,22.22467722550269,2008-05-01,0.2995721536670658,0.0917977235207229,0.0670344947432444,0.0065600834129811,0.0096553467831708,1.98,-0.131578947368421,3.88,0.0059174916566171,0.0108226014851353,0.08
71,5,2279.4,202.8,108.8,38.72499999999998,33.150000000000006,32.53958646787016,2008-07-01,0.537326189386593,0.0889707817846801,0.047731859261209,0.0145433008686496,0.0142755051627051,2.01,0.0049999999999998,4.007727272727273,0.007141444751521,0.0022399212791917,0.0357142857142858
72,3,1944.0,157.0,115.0,12.241666666666667,14.774999999999991,10.653354323091552,2008-08-01,0.2420375110755903,0.0807613168724279,0.059156378600823,0.0076003086419753,0.0054801205365697,2.0,-0.0049751243781093,3.885714285714285,-0.0014884757278006,0.0022399212791917,0.0517241379310344
73,5,1305.2,98.0,65.8,14.984999999999996,9.849999999999993,17.592439782474738,2008-09-01,0.3852039620319416,0.0750842782715292,0.0504137296965982,0.0075467361323934,0.0134787310622699,1.81,-0.0949999999999999,3.686190476190476,0.00085509168229,0.0022399212791917,0.0
77,3,7327.666666666667,506.6666666666667,312.3333333333333,83.15833333333335,31.700000000000014,109.65174512215178,2009-01-01,0.3815457892668053,0.0691443388072601,0.0426238456989491,0.0043260701451121,0.0149640738464474,0.15,-0.0625,2.5175,0.0025307713412614,-0.0121374906396808,0.0684931506849315
78,4,2472.5,205.0,136.25,22.26875000000001,30.12500000000001,24.08802758460449,2009-02-01,0.3168657168554932,0.082912032355915,0.0551061678463094,0.0121840242669363,0.0097423771828531,0.22,0.4666666666666668,2.87,0.0036426606521873,-0.0121374906396808,0.0641025641025643
79,6,2232.833333333333,170.33333333333334,115.16666666666669,20.437500000000004,23.25,8.302766858102187,2009-03-01,0.3209143860791169,0.0762857356124505,0.0515787116518623,0.0104127789803687,0.0037184892997397,0.18,-0.1818181818181818,2.819545454545455,-0.0009872828565383,-0.0121374906396808,0.0481927710843372
80,9,2386.0,198.77777777777777,155.11111111111111,21.33611111111111,20.925,20.612530742514632,2009-04-01,0.3150881487505914,0.0833100493620191,0.0650088479090993,0.0087699077954735,0.0086389483413724,0.15,-0.1666666666666666,2.927142857142857,0.0010070825195886,-0.0034416421094121,0.0344827586206897
81,4,2037.25,204.5,107.5,33.14375000000003,44.10000000000001,28.3037201250413,2009-05-01,0.517434391038278,0.100380414774819,0.0527672107006994,0.0216468278316357,0.0138931010553644,0.18,0.1999999999999999,3.293,0.0014714939189219,-0.0034416421094121,0.0444444444444445
82,10,2137.1,169.3,124.6,14.939999999999989,14.349999999999994,19.982687645948825,2009-06-01,0.2611940037048292,0.079219503064901,0.0583033082214215,0.0067147068457255,0.00935037557716,0.21,0.1666666666666667,3.7218181818181817,0.0082996122466223,-0.0034416421094121,0.0106382978723404
84,5,2844.6,225.6,175.0,14.759999999999986,16.14999999999999,21.778405302041737,2009-08-01,0.2114266254071837,0.0793081628348449,0.0615200731210012,0.0056774238908809,0.0076560519236594,0.16,0.0,3.587142857142857,0.0033484533777932,0.0047037681601218,0.0105263157894737
85,7,1583.428571428571,133.0,79.0,24.52857142857142,19.700000000000006,18.066609558862453,2009-09-01,0.4959458082888168,0.0839949476723204,0.0498917358354384,0.0124413569108625,0.0114098039437059,0.15,-0.0625,3.401904761904762,0.0019308872334005,0.0047037681601218,0.0208333333333334
86,8,2288.5,186.5,148.125,5.775000000000008,0.2749999999999986,22.0126019102046,2009-10-01,0.1378171085013957,0.0814944286650644,0.0647258029276818,0.0001201660476294,0.009618790434872,0.12,-0.1999999999999999,3.387619047619048,0.003001931798704,0.014005720304173,0.0204081632653061
87,7,2781.8571428571427,264.0,156.57142857142858,46.14642857142858,30.825000000000014,44.756297109483725,2009-11-01,0.5262578875472965,0.0949006316438145,0.0562830585939506,0.011080727160684,0.0160886396429099,0.12,0.0,3.4026315789473687,0.0033485905897676,0.014005720304173,-0.01
88,5,2355.6,200.4,118.8,39.81,35.57500000000004,22.24377440993322,2009-12-01,0.5348691125966388,0.0850738665308201,0.0504330106979113,0.0151023093903888,0.0094429336092431,0.12,0.0,3.5900000000000003,0.0005201763996427,0.014005720304173,0.0
89,6,2838.333333333333,206.16666666666663,135.83333333333334,29.429166666666664,18.337499999999988,34.49273625224109,2010-01-01,0.3544782753835372,0.0726365237815619,0.0478567234292425,0.0064606576629477,0.0121524613924513,0.11,-0.0833333333333332,3.733157894736842,0.0006487322116246,0.0077372925680261,-0.01010101010101
90,4,1576.5,164.5,106.25,15.56875,18.89999999999999,19.05876192857238,2010-02-01,0.3408640206527085,0.1043450681890263,0.0673961306692039,0.0119885823025689,0.0120892876172358,0.13,0.1818181818181818,3.691052631578947,-0.0009517766497462,0.0077372925680261,0.0
91,8,2066.625,185.875,121.0,24.484375000000004,26.262500000000006,15.038954997296662,2010-03-01,0.3953263861560929,0.0899413294622875,0.0585495675316034,0.0127079174983366,0.0072770604232972,0.16,0.2307692307692308,3.7273913043478255,0.0003313681361922,0.0077372925680261,0.0102040816326529
92,11,1458.5454545454545,137.9090909090909,82.18181818181819,24.765909090909087,18.474999999999994,21.70440702002496,2010-04-01,0.5370706671997042,0.0945524806781351,0.056345051109449,0.012666728995263,0.0148808574682295,0.2,0.25,3.8468181818181817,0.0002300405331419,0.0146013338652357,0.0
93,8,1900.375,187.5,94.625,43.04375000000002,24.662500000000023,43.147156316659945,2010-05-01,0.693671014917298,0.0986647372229165,0.0497928040518318,0.0129777017693876,0.0227045484794632,0.2,0.0,3.4200000000000004,-0.0005197720362644,0.0146013338652357,-0.0303030303030303
94,8,1807.875,156.0,91.875,25.675,25.43750000000001,22.79845311168532,2010-06-01,0.4603453113605417,0.0862891516282928,0.0508193320887782,0.0140703865034916,0.0126106357528508,0.18,-0.1,3.2040909090909087,-0.0004187951585438,0.0146013338652357,-0.0208333333333332
96,4,2459.75,189.0,127.5,39.33124999999997,36.53749999999996,30.483324505648408,2010-08-01,0.5097309738265619,0.0768370769387132,0.0518345360300843,0.0148541518446996,0.0123928547639591,0.19,0.0555555555555555,2.698636363636364,0.0014613634796993,0.0107751615750211,0.0106382978723404
97,7,1766.857142857143,152.0,101.14285714285714,17.22142857142857,17.525000000000002,18.76251487103245,2010-09-01,0.337312706662095,0.0860284605433376,0.0572445019404915,0.0099187419146183,0.0106191465149763,0.19,0.0,2.6476190476190475,0.0016152494229613,0.0107751615750211,0.0
98,6,2132.333333333333,183.16666666666663,135.0,16.295833333333327,16.624999999999996,12.420561749239324,2010-10-01,0.2791862404216911,0.0858996404564639,0.0633109269970298,0.0077966234172268,0.0058248687271717,0.19,0.0,2.54,0.0034818462948116,0.0110864718652385,-0.0105263157894736
99,7,2002.571428571429,185.42857142857144,124.71428571428572,24.575,10.925000000000002,23.56307139006569,2010-11-01,0.4070419981973056,0.0925952346982451,0.0622770723355685,0.0054554858039663,0.011766407456874,0.19,0.0,2.763,0.0025338416234848,0.0110864718652385,0.0425531914893617
100,4,2090.75,157.0,99.5,24.906249999999982,18.5,20.883450136012783,2010-12-01,0.3971235898690898,0.0750926700944637,0.0475905775439435,0.0088484993423412,0.0099884970159094,0.18,-0.0526315789473684,3.290909090909091,0.0040165763468282,0.0110864718652385,-0.0510204081632652
101,4,3281.5,247.5,149.5,48.38124999999998,32.81250000000001,48.15365759299421,2011-01-01,0.4753109150226313,0.0754228249276245,0.045558433643151,0.0099992381532835,0.014674282368732,0.17,-0.0555555555555554,3.394,0.0032430422003701,0.0027417009885513,-0.0215053763440861
102,6,2037.0,159.16666666666666,102.66666666666669,26.024999999999995,26.3625,12.494028573682703,2011-02-01,0.4209729541955329,0.0781377843233513,0.0504009163802978,0.012941826215022,0.0061335437278756,0.16,-0.0588235294117647,3.5763157894736843,0.0032144746300641,0.0027417009885513,-0.0109890109890109
103,7,1967.0,170.42857142857142,113.57142857142856,23.39285714285713,15.450000000000005,35.3218319949035,2011-03-01,0.3965730631967111,0.0866439102331323,0.0577383978502432,0.0078546009150991,0.0179572099618218,0.14,-0.1249999999999998,3.4143478260869564,0.0051735482068338,0.0027417009885513,0.0
104,8,2184.5,176.625,112.25,30.29375,34.04999999999998,22.40871860778428,2011-04-01,0.4511163685923923,0.0808537422751201,0.0513847562371252,0.0155870908674753,0.0102580538373926,0.1,-0.2857142857142857,3.455,0.0046940989750994,0.0134248573815316,0.011111111111111
106,8,2291.875,178.5,130.875,14.949999999999996,12.424999999999994,13.069969668781065,2011-06-01,0.2482760902376123,0.0778838287428415,0.0571038996454867,0.0054213253340605,0.0057027410608262,0.09,0.0,3.002272727272727,0.0,0.0134248573815316,0.011111111111111
107,3,2171.333333333333,163.66666666666666,130.33333333333334,20.40833333333333,22.525,11.842728078163972,2011-08-01,0.3277033454472259,0.0753761129874117,0.0600245624808105,0.0103738102548357,0.0054541271468363,0.1,0.4285714285714286,2.3030434782608693,0.0057827638052365,0.0057940397899693,0.0
108,8,2223.5,192.625,121.5,32.85312500000001,16.912499999999994,41.27267004218064,2011-09-01,0.4761883827632066,0.0866314369237688,0.0546435799415336,0.0076062514054418,0.0185620283526784,0.08,-0.2,1.975238095238095,0.0021715478580843,0.0057940397899693,0.0
109,5,2634.2,220.6,169.2,16.579999999999977,20.450000000000003,35.3583061316574,2011-10-01,0.2419540337737096,0.0837445903879735,0.0642320249031964,0.0077632677852858,0.0134227872339448,0.07,-0.1249999999999998,2.152,0.0006752075270193,0.0124350063395979,-0.0222222222222221
110,8,2025.375,180.0,111.125,25.49375,28.27500000000001,21.41676475334217,2011-11-01,0.4157541226961925,0.0888724310312905,0.054866382768623,0.0139603777078318,0.0105742219358598,0.08,0.1428571428571428,2.0135,0.0018478500551268,0.0124350063395979,-0.0227272727272728
111,2,2524.0,172.5,108.0,32.83749999999999,32.83749999999999,31.41321875421236,2011-12-01,0.4274344616049535,0.0683438985736925,0.0427892234548335,0.0130101030110935,0.0124458077473107,0.07,-0.1249999999999998,1.978095238095238,0.000237708490155,0.0124350063395979,-0.011627906976744
112,7,2735.0,223.0,137.85714285714286,32.557142857142864,20.6,35.95079888509003,2012-01-01,0.396883319906915,0.0815356489945155,0.0504048054322277,0.0075319926873857,0.0131447162285521,0.08,0.1428571428571428,1.9665,0.0027241960540964,0.0143001070743762,-0.0235294117647058
113,7,1732.2857142857142,136.57142857142858,96.28571428571428,15.021428571428544,17.999999999999996,47.096106147809245,2012-03-01,0.3076103673221658,0.0788388586508329,0.0555830446973445,0.0103908955962394,0.0271872623317388,0.13,0.3,2.1727272727272724,0.004235391192142,0.0143001070743762,-0.0120481927710844
114,7,2638.428571428572,209.42857142857144,180.42857142857144,-1.2785714285714471,4.350000000000007,37.9010263399165,2012-04-01,0.0547404534322314,0.0793762520981103,0.0683848611186312,0.0016487086469218,0.0143649999663985,0.14,0.0769230769230771,2.052857142857143,0.0016607883500068,0.0086073606593644,0.0
115,3,2150.6666666666665,185.3333333333333,148.0,7.058333333333331,12.375000000000009,12.248375742658018,2012-05-01,0.1587635891423599,0.0861748295102294,0.0688158710477371,0.0057540297582145,0.0056951530111553,0.16,0.1428571428571428,1.8031818181818184,-0.002068180132381,0.0086073606593644,0.0
116,4,3054.25,242.0,176.0,27.95,21.312500000000018,18.22353103362059,2012-06-01,0.3208595414820571,0.0792338544650896,0.057624621429156,0.0069779815011868,0.0059666140733799,0.16,0.0,1.6223809523809525,-0.0008263631713106,0.0086073606593644,0.0
117,3,1456.3333333333333,139.0,70.66666666666667,29.89999999999999,26.124999999999982,7.601439008503591,2012-07-01,0.6351455402094979,0.0954451819638361,0.0485236896314946,0.0179388876173037,0.0052195735924721,0.16,0.0,1.5266666666666668,0.00028880992806,0.0069368299046437,0.0
118,5,2286.0,162.4,97.4,32.91,32.27499999999999,14.464888523593944,2012-08-01,0.4657188877583496,0.0710411198600175,0.0426071741032371,0.0141185476815398,0.0063275977793499,0.13,-0.1875,1.6782608695652177,0.0058095279758518,0.0069368299046437,-0.0121951219512195
119,2,2667.5,187.5,133.0,37.56250000000001,37.56250000000001,30.81217799020381,2012-09-01,0.4570251209053925,0.0702905342080599,0.0498594189315838,0.0140815370196813,0.0115509570722413,0.14,0.0769230769230771,1.7231578947368422,0.0047712662775425,0.0069368299046437,-0.0370370370370369
120,8,2902.0,210.5,134.625,31.70625,27.3375,22.24568076054316,2012-10-01,0.3698665678376786,0.0725361819434872,0.0463904203997243,0.009420227429359,0.0076656377534607,0.16,0.1428571428571428,1.7461904761904763,0.0026967945804383,0.0061814238525459,0.0
121,6,2923.0,243.5,150.0,34.20416666666667,30.937500000000018,31.873756511692587,2012-11-01,0.3913001596194563,0.0833048238111529,0.0513171399247348,0.0105841601094765,0.0109044668189163,0.16,0.0,1.654,-0.0016793444944265,0.0061814238525459,-0.0128205128205127
122,4,2253.25,168.25,106.5,29.53125,29.037499999999987,15.847665114562876,2012-12-01,0.4300848322274652,0.0746699212248973,0.047265061577721,0.0128869410850992,0.007033247582187,0.16,0.0,1.719,-0.0001210816046773,0.0061814238525459,0.0259740259740259
123,3,3946.0,292.0,195.3333333333333,33.33333333333325,11.225,63.58844398421235,2013-01-01,0.301421854117783,0.0739989863152559,0.0495016050008447,0.0028446528129751,0.0161146588910827,0.14,-0.1249999999999998,1.9147619047619049,0.001980788942181,0.0138711442137984,0.0126582278481011
124,6,2976.6666666666665,246.8333333333333,174.66666666666666,23.81666666666666,21.687500000000007,26.2231942498748,2013-02-01,0.2890973229321629,0.0829227323628219,0.0586786114221724,0.0072858342665173,0.0088095837345604,0.15,0.0714285714285714,1.9842105263157896,0.0054299267521009,0.0138711442137984,-0.0374999999999999
125,8,2971.5,218.375,160.25,23.290625,27.60000000000001,23.51752362411301,2013-03-01,0.2845923853071129,0.073489819956251,0.0539289920915362,0.0092882382635032,0.0079143609705916,0.14,-0.0666666666666665,1.9575,-0.0028119191025899,0.0138711442137984,-0.0259740259740259
126,7,2429.5714285714284,216.42857142857144,139.71428571428572,31.66071428571429,23.3,37.1346953028848,2013-04-01,0.428022605613429,0.0890809666607867,0.0575057329334979,0.0095901687540424,0.0152844632868932,0.15,0.0714285714285714,1.7590909090909093,-0.0020879792665811,0.0048352406378857,0.0133333333333331
127,7,2493.5714285714284,211.28571428571428,136.71428571428572,31.86071428571427,33.175000000000004,24.845844962584007,2013-05-01,0.4210005674717557,0.0847321684331137,0.0548266972214265,0.013304210827843,0.0099639595954218,0.11,-0.2666666666666666,1.9281818181818184,0.0004141554895016,0.0048352406378857,-0.013157894736842
128,7,1932.571428571429,154.42857142857142,95.14285714285714,26.539285714285707,17.375000000000018,20.015701425916305,2013-06-01,0.4473890355873658,0.0799083382613837,0.049231224127735,0.0089906120638675,0.0103570306018194,0.09,-0.1818181818181818,2.3,0.0023804082055085,0.0048352406378857,0.0
129,5,2705.6,228.8,112.8,49.08000000000003,33.50000000000003,35.51597087931009,2013-07-01,0.5691152207980865,0.0845653459491425,0.0416913069189828,0.0123817267888823,0.0131268372558065,0.09,0.0,2.5822727272727275,0.0019574523005441,0.0134589761886272,-0.0266666666666667
130,4,2960.5,220.5,164.25,23.862499999999983,19.53749999999999,17.731639565101318,2013-09-01,0.2907315804721354,0.0744806620503293,0.0554804931599392,0.0065993919945955,0.0059894070478302,0.08,0.0,2.8095,0.0027651352511808,0.0134589761886272,0.0
131,9,1930.555555555556,160.55555555555554,103.0,25.072222222222216,16.499999999999993,20.9612754727484,2013-10-01,0.4267977978930232,0.0831654676258992,0.0533525179856115,0.008546762589928,0.0108576390937977,0.09,0.125,2.6159090909090907,0.0005352310485391,0.0140487953229233,0.0
132,8,2263.75,179.5,124.0,22.159375,25.875,21.045053446203728,2013-11-01,0.3384688756307323,0.0792932081722805,0.0547763666482606,0.0114301490889011,0.0092965448685604,0.08,-0.111111111111111,2.718421052631579,0.0018444894273523,0.0140487953229233,-0.0416666666666666
133,4,1833.25,137.25,87.25,28.7375,13.012500000000005,33.6198509068675,2013-12-01,0.5010527549766466,0.0748670394108823,0.0475930724123823,0.0070980499113596,0.0183389340825678,0.09,0.125,2.901904761904762,0.0026441691584793,0.0140487953229233,-0.0289855072463768
134,4,3978.0,311.0,171.75,63.19375,53.924999999999976,47.35156357414895,2014-01-01,0.5068551714746009,0.0781799899446958,0.0431749622926093,0.0135558069381598,0.0119033593700726,0.07,-0.2222222222222221,2.858095238095238,0.0024241752904536,0.0003326543554891,-0.0149253731343284
135,2,2542.0,204.5,141.0,33.575,33.575,10.11162697096763,2014-02-01,0.4329028110069172,0.0804484657749803,0.0554681353265145,0.0132081038552321,0.0039778233560061,0.07,0.0,2.709473684210526,0.0011007786202439,0.0003326543554891,0.0151515151515151
136,8,2083.625,167.125,103.0,26.28125000000001,22.312500000000004,22.94728722684731,2014-03-01,0.4164738133114274,0.0802087707720919,0.0494330793688883,0.0107085008098866,0.0110131560270429,0.08,0.1428571428571428,2.723333333333333,0.0020420553010651,0.0003326543554891,0.0
137,5,2304.4,151.2,105.6,24.555000000000007,19.0,13.934718332280712,2014-04-01,0.3624110690101986,0.0656136087484811,0.0458253775386217,0.0082450963374414,0.0060470050044613,0.09,0.125,2.705238095238095,0.0018641856050976,0.0186518715426413,-0.0746268656716417
138,5,1551.6,138.2,71.6,21.56000000000001,20.7,5.450819892456549,2014-05-01,0.4518825973881276,0.0890693477700438,0.0461459138953338,0.0133410672853828,0.003513031639892,0.09,0.0,2.559047619047619,0.0019030059035471,0.0186518715426413,0.0161290322580645
139,5,2496.0,206.4,136.6,22.095,18.949999999999992,22.43983205151056,2014-06-01,0.312601283250952,0.0826923076923076,0.0547275641025641,0.0075921474358974,0.0089903173283295,0.1,0.1111111111111111,2.5985714285714288,0.0013211322060797,0.0186518715426413,-0.0317460317460317
140,4,3240.75,247.75,171.5,27.3,20.237500000000004,23.724749735244853,2014-07-01,0.3007756820318505,0.0764483530047057,0.052919848800432,0.0062446964437244,0.0073207590018498,0.09,-0.1,2.5422727272727275,0.001125485286493,0.0163096081013289,0.0163934426229508
141,2,3505.5,299.0,244.5,19.037499999999987,19.037499999999987,16.316488975879608,2014-08-01,0.2181093876580025,0.0852945371558978,0.0697475395806589,0.0054307516759378,0.0046545397164112,0.09,0.0,2.42,-0.0001600013473797,0.0163096081013289,-0.0161290322580646
142,7,1397.2857142857142,92.42857142857144,56.0,20.235714285714284,20.3,21.713483988175685,2014-09-01,0.4680894300156953,0.0661486555566915,0.0400777016664962,0.0145281668541048,0.0155397595253276,0.09,0.0,2.5342857142857143,7.159100480080838e-05,0.0163096081013289,-0.0327868852459015
143,7,2488.8571428571427,193.42857142857144,112.71428571428572,45.92500000000003,29.575000000000045,46.94368967177599,2014-10-01,0.5777344774002482,0.0777178280335208,0.0452875674434622,0.0118829640684192,0.0188615444669057,0.09,0.0,2.304090909090909,-0.0001979139032411,0.0060576060922159,-0.0338983050847457
144,5,2289.2,210.2,139.4,20.260000000000005,15.974999999999998,22.63206795677321,2014-11-01,0.3125485305323814,0.0918224707321335,0.0608946356805871,0.0069784204088764,0.0098864528904303,0.09,0.0,2.325555555555556,-0.001882660152466,0.0060576060922159,0.0175438596491226
145,4,1993.0,151.0,110.0,17.96249999999999,10.7,19.59077695413497,2014-12-01,0.3170375682959002,0.075765178123432,0.0551931761164074,0.0053687907676869,0.0098297927516984,0.12,0.3333333333333332,2.2072727272727275,-0.0030846094445592,0.0060576060922159,-0.0344827586206897
147,4,1871.75,155.25,120.25,10.175,9.4,2.4212600025606466,2015-02-01,0.2182567989642963,0.0829437691999465,0.0642446907973821,0.0050220381995458,0.0012935808748821,0.11,0.0,1.9752631578947368,0.0025346436802173,0.0084551882559247,-0.0350877192982456
148,7,2886.428571428572,213.1428571428572,143.28571428571428,23.78214285714287,16.599999999999987,27.15784767753494,2015-03-01,0.2956752602871612,0.0738431081415491,0.0496411779262558,0.0057510517198713,0.0094088064213187,0.11,0.0,2.0427272727272725,0.0026939517808124,0.0084551882559247,-0.018181818181818
149,6,2266.333333333333,165.16666666666666,107.66666666666669,22.55,27.487500000000004,19.365065194829587,2015-04-01,0.3429209194641311,0.0728783644653625,0.0475069863215178,0.0121286218561553,0.008544667684143,0.12,0.0909090909090908,1.935,0.0010424788961589,0.0119719131294888,0.0
150,6,1898.3333333333333,139.66666666666666,94.5,18.3625,16.699999999999996,20.469176522273685,2015-05-01,0.3352698499750178,0.0735733099209833,0.0497805092186128,0.0087971905179982,0.0107827093181424,0.12,0.0,2.1975,0.0032977453412466,0.0119719131294888,0.0370370370370369
151,7,2109.0,153.14285714285714,108.42857142857144,17.464285714285722,10.35,36.364087301046,2015-06-01,0.2968225047312775,0.0726139673508094,0.0514123145702093,0.0049075391180654,0.017242336321027,0.13,0.0833333333333334,2.363636363636364,0.0027679208104607,0.0119719131294888,-0.0535714285714284
152,5,2447.8,177.0,126.6,18.505000000000003,10.999999999999998,23.776014699692634,2015-07-01,0.2769104081463274,0.0723098292344145,0.0517199117574965,0.004493831195359,0.0097132178689813,0.13,0.0,2.3245454545454547,0.0015863197801875,0.0066653960462552,-0.0188679245283017
153,2,1594.5,111.0,56.0,22.9875,22.9875,10.977832777921147,2015-08-01,0.466282832411928,0.0696142991533396,0.0351207275007839,0.0144167450611476,0.0068848120275454,0.14,0.0769230769230771,2.1671428571428573,-4.201080518018152e-06,0.0066653960462552,-0.0192307692307693
154,6,3157.0,217.0,150.0,26.162500000000023,21.125000000000007,17.423323090042313,2015-09-01,0.29699656490274,0.0687361419068736,0.0475134621476084,0.0066914792524548,0.0055189493474951,0.14,0.0,2.172857142857143,-0.0022475875193775,0.0066653960462552,-0.0196078431372548
155,8,1883.875,138.875,89.125,21.509375,19.2,13.7754889561911,2015-10-01,0.3834536604756842,0.0737177360493663,0.0473094021630946,0.0101917590073651,0.0073123158151103,0.12,-0.142857142857143,2.07,0.0009894820166906,0.0018210890711505,0.0
156,9,2111.8888888888887,175.66666666666666,96.0,31.79444444444444,22.950000000000053,19.427958983840192,2015-11-01,0.4839094756878099,0.0831798810964381,0.0454569369179775,0.010867048981954,0.0091993281872237,0.12,0.0,2.263157894736842,0.0011946174910508,0.0018210890711505,0.02
157,6,2450.333333333333,150.83333333333334,125.0,12.375000000000009,9.7375,17.304630883090233,2015-12-01,0.2076030654587643,0.0615562508502244,0.0510134675554346,0.0039739491225683,0.0070621538089063,0.24,1.0,2.2427272727272727,-0.0010755534268561,0.0018210890711505,-0.0196078431372548
158,4,2891.0,174.75,116.25,24.02500000000005,6.925000000000001,36.73582493062243,2016-01-01,0.2976354634722362,0.0604462123832583,0.0402109996540989,0.0023953649256312,0.0127069612350821,0.34,0.4166666666666667,2.0852631578947367,-0.0004584435630737,0.0049251600354258,-0.04
159,5,1738.4,116.4,82.4,11.429999999999998,9.05,12.817314948927487,2016-02-01,0.2497113365196175,0.0669581224114127,0.0473999079613437,0.0052059364933271,0.0073730527777999,0.38,0.1176470588235294,1.7795,-0.0013296753235825,0.0049251600354258,0.0208333333333334
160,5,3131.8,178.0,155.8,12.820000000000004,11.775,10.010609996398824,2016-03-01,0.1811772214458392,0.0568363241586308,0.049747748898397,0.0037598186346509,0.0031964397459604,0.36,-0.0526315789473684,1.8890909090909087,0.0031347962382446,0.0049251600354258,0.0204081632653061
161,3,2781.0,183.0,107.66666666666669,38.03333333333334,43.87500000000002,26.352660365384992,2016-04-01,0.4458288244007791,0.0658036677454153,0.0387150904950257,0.0157766990291262,0.0094759656114293,0.37,0.0277777777777779,1.805238095238095,0.0038306451612903,0.0100275111650247,0.02
162,3,2980.333333333333,257.3333333333333,120.66666666666669,45.55833333333337,60.17500000000006,41.85982809727407,2016-05-01,0.4902986263595738,0.0863438094172911,0.0404876412034448,0.0201906945531819,0.0140453511119362,0.37,0.0,1.806190476190476,0.0023640958693178,0.0100275111650247,-0.0588235294117647
163,7,2244.1428571428573,155.14285714285714,120.42857142857144,14.024999999999997,14.299999999999995,21.0480749317683,2016-06-01,0.2407242429578575,0.0691323445158826,0.0536635049971353,0.006372143357311,0.0093791154448009,0.38,0.0270270270270269,1.6440909090909093,0.0027759572878272,0.0100275111650247,0.0208333333333334
164,3,2842.0,188.66666666666663,129.0,30.85833333333332,26.375,25.250301153319583,2016-07-01,0.3679970950226203,0.0663851747595589,0.0453905700211118,0.009280436312456,0.0088846942833636,0.39,0.0263157894736842,1.504,-0.000503700743479,0.0096697243254513,-0.0204081632653062
165,2,2852.0,162.0,166.5,-5.087499999999998,-5.087499999999998,1.5379572490807434,2016-08-01,0.0188582892435588,0.0568022440392706,0.0583800841514726,-0.0017838359046283,0.0005392556974336,0.4,0.0256410256410257,1.556521739130435,0.0018492217858319,0.0096697243254513,0.0208333333333334
166,7,2521.428571428572,178.28571428571428,146.57142857142858,9.667857142857144,14.175,35.8176187856785,2016-09-01,0.1740182728708443,0.0707082152974504,0.0581303116147308,0.0056218130311614,0.0142052879036685,0.4,0.0,1.6304761904761906,0.0026232097944252,0.0096697243254513,0.0204081632653061
167,7,2324.1428571428573,164.57142857142858,100.85714285714286,24.28571428571429,21.149999999999988,13.188503967651606,2016-10-01,0.3567112686533657,0.0708095150285819,0.0433954145921691,0.009100129079845,0.0056745668310013,0.4,0.0,1.7645,0.0023426874979268,0.0104135795957358,-0.0199999999999999
168,10,2356.8,157.2,104.4,23.302499999999988,13.575000000000005,26.79381782447417,2016-11-01,0.3411907909268785,0.0667006109979633,0.0442973523421588,0.0057599287169042,0.0113687278617083,0.41,0.0249999999999999,2.1420000000000003,0.0011789477167711,0.0104135795957358,-0.0408163265306122
169,5,2659.4,217.2,134.4,31.56500000000001,49.47500000000003,39.45700428947944,2016-12-01,0.3959257349586977,0.0816725577197864,0.0505377152741219,0.0186038204106189,0.0148368069073773,0.54,0.3170731707317074,2.491904761904762,0.0025245221587764,0.0104135795957358,0.0
170,5,2144.8,163.0,107.8,19.26999999999996,21.349999999999994,17.10363082798498,2017-01-01,0.3162567001541793,0.0759977620290936,0.0502610966057441,0.0099543080939947,0.0079744642055133,0.65,0.2037037037037037,2.4325,0.0040430766948156,0.0099901102073565,0.0
171,4,3617.25,261.25,124.5,50.78124999999992,32.924999999999976,54.100798573126326,2017-02-01,0.4558402424058801,0.0722233741101665,0.0344184117769023,0.0091022185361807,0.0149563338373422,0.66,0.0153846153846153,2.4189473684210525,0.0015926573570097,0.0099901102073565,-0.0212765957446809
172,9,2427.6666666666665,187.44444444444449,87.33333333333333,44.66944444444445,36.32500000000002,26.089143389114525,2017-03-01,0.5762959023392655,0.0772117717057989,0.0359741864616229,0.0149629273650968,0.0107465920866872,0.79,0.196969696969697,2.4817391304347827,-0.0004672016261894,0.0099901102073565,-0.043478260869565
173,6,2362.833333333333,178.16666666666666,122.16666666666669,13.150000000000018,13.900000000000002,41.505873078396974,2017-04-01,0.2218267627840111,0.0754038230937433,0.0517034633561402,0.0058827678634407,0.017566145056809,0.9,0.139240506329114,2.2973684210526315,0.0012341528217407,0.0082239786922091,0.0
174,6,3374.0,247.8333333333333,124.33333333333331,49.66666666666665,52.625,29.414055597055395,2017-05-01,0.474669419780429,0.07345386287295,0.0368504248172298,0.0155972139893301,0.0087178588017354,0.91,0.011111111111111,2.303636363636364,-0.0007739779600562,0.0082239786922091,0.0
175,8,2091.25,135.875,95.875,16.15,9.275,19.073921051679807,2017-06-01,0.2814067048665686,0.0649731022115959,0.04584578601315,0.0044351464435146,0.0091208229774918,1.04,0.1428571428571428,2.186818181818182,0.0006516286618252,0.0082239786922091,-0.0227272727272728
176,8,2442.375,165.75,104.875,26.97812500000001,44.80000000000001,28.91244923873008,2017-07-01,0.3731862914759202,0.0678642714570858,0.0429397615026357,0.0183428015763345,0.011837841952497,1.15,0.1057692307692306,2.318,0.0003276499715352,0.0130642864319283,0.0
177,2,2795.0,248.0,182.5,9.275000000000002,9.275000000000002,29.34493141924172,2017-08-01,0.159771574969082,0.0887298747763864,0.0652951699463327,0.0033184257602862,0.0104990810086732,1.16,0.0086956521739129,2.2091304347826086,0.0038486261632881,0.0130642864319283,0.0232558139534884
178,7,3426.714285714286,239.1428571428572,148.71428571428572,41.17142857142858,43.87499999999996,24.689249636614075,2017-09-01,0.3999475162317176,0.0697878017259348,0.0433985075249093,0.0128038103972985,0.0072049338164963,1.15,-0.0086206896551723,2.202,0.0051063899209977,0.0130642864319283,-0.0227272727272728
179,7,1728.428571428571,132.14285714285714,83.71428571428571,21.928571428571413,12.499999999999998,34.96179888038341,2017-10-01,0.4185110348350104,0.0764525993883792,0.0484337548557732,0.0072320026448466,0.0202275057577224,1.15,0.0,2.3600000000000003,0.0007750522450138,0.0174935299283816,-0.0232558139534883
180,7,2047.2857142857144,155.71428571428572,73.28571428571429,39.47857142857144,31.00000000000001,25.76035563844274,2017-11-01,0.600688395427396,0.0760588933082129,0.0357965250157002,0.0151419998604424,0.0125826871445885,1.16,0.0086956521739129,2.353333333333333,0.0026680074282519,0.0174935299283816,0.0
181,3,2088.333333333333,148.66666666666666,72.66666666666667,39.64999999999998,41.95000000000002,30.415292206388504,2017-12-01,0.5924875868428889,0.0711891460494812,0.0347964884277733,0.0200877893056664,0.0145643857333065,1.3,0.1206896551724139,2.4025,0.0021068892447548,0.0174935299283816,-0.0238095238095239
183,4,973.25,97.0,53.5,20.05625,23.987500000000004,11.429974755731818,2018-02-01,0.637257934697526,0.0996660673002825,0.0549704597996403,0.0246468019522219,0.0117441302396422,1.42,0.0070921985815601,2.8589473684210525,0.0026922876006092,0.0145462753869225,0.0249999999999999
184,5,2255.0,179.0,79.2,41.05,47.39999999999996,30.030229561227145,2018-03-01,0.5708782692156598,0.0793791574279379,0.0351219512195122,0.0210199556541019,0.0133171749717193,1.51,0.0633802816901409,2.842380952380952,0.0001923624107817,0.0145462753869225,-0.0243902439024389
185,4,1876.0,189.5,127.0,22.3375,33.8625,36.80790506127728,2018-04-01,0.3969687027643306,0.1010127931769722,0.0676972281449893,0.0180503731343283,0.0196204184761605,1.69,0.1192052980132449,2.869047619047619,0.0026044066560619,0.0124140168756723,0.0
186,9,2233.222222222222,179.33333333333334,86.77777777777777,39.075,34.225,28.66506748204162,2018-05-01,0.5513565668591475,0.0803025026120702,0.038857654609682,0.0153253893228518,0.012835743436906,1.7,0.0059171597633136,2.977727272727273,0.0022579497815982,0.0124140168756723,-0.05
187,4,2013.5,151.75,87.25,28.66249999999999,21.425000000000026,30.01781068521373,2018-06-01,0.4612679242066034,0.0753662776260243,0.0433325055872858,0.0106406754407747,0.0149082744898007,1.82,0.0705882352941176,2.9123809523809525,0.0009011451720948,0.0124140168756723,0.0526315789473683
188,2,1345.0,100.0,63.0,9.87499999999999,9.87499999999999,15.662415203282022,2018-07-01,0.2708940832598369,0.0743494423791821,0.0468401486988847,0.0073420074349442,0.0116449183667524,1.91,0.0494505494505492,2.889047619047619,0.0007808204989283,0.0105834960083401,-0.05
189,3,2994.6666666666665,199.0,138.33333333333334,29.32499999999997,9.5,36.06183058304164,2018-08-01,0.3385687969522417,0.0664514692787177,0.0461932324131789,0.0031723063223508,0.0120420182267503,1.91,0.0,2.889130434782609,0.0017873207703393,0.0105834960083401,0.0
190,4,1992.0,134.0,85.75,28.968749999999982,18.825,28.07355943914721,2018-09-01,0.4697571560272579,0.0672690763052208,0.04304718875502,0.0094503012048192,0.0140931523288891,1.95,0.0209424083769633,3.004210526315789,0.0020622817021174,0.0105834960083401,-0.026315789473684
191,7,1983.142857142857,149.57142857142858,83.14285714285714,28.682142857142857,31.350000000000005,22.554968568873186,2018-10-01,0.4675595643110143,0.0754214090188733,0.0419247946981702,0.0158082408874801,0.0113733453379997,2.19,0.123076923076923,3.152272727272727,0.0023395801444987,0.0057280901285798,0.0270270270270269
192,7,2209.714285714286,180.8571428571429,127.57142857142856,22.428571428571427,9.324999999999996,31.496522389290025,2018-11-01,0.3484443271758329,0.0818463925523661,0.0577320920610292,0.0042200025859839,0.0142536628345636,2.2,0.0045662100456622,3.117,-0.0007041919199911,0.0057280901285798,0.0
193,8,1995.0,156.25,86.25,32.2375,36.16250000000001,17.44273794858069,2018-12-01,0.5144041795578829,0.0783208020050125,0.0432330827067669,0.0181265664160401,0.008743227041895,2.27,0.0318181818181817,2.8326315789473684,0.0006848935445813,0.0057280901285798,0.0263157894736842
194,6,2203.333333333333,172.0,75.0,39.66250000000005,25.03750000000004,51.556194462935366,2019-01-01,0.5652758176170272,0.0780635400907715,0.0340393343419062,0.0113634644478063,0.0233991805429358,2.4,0.0572687224669603,2.713809523809524,-0.0008149798035346,0.0089046364048497,0.0256410256410257
195,11,1357.3636363636365,122.27272727272728,45.09090909090909,35.975,34.55,16.568901593044718,2019-02-01,0.8000948124452453,0.090081039448128,0.0332194762574509,0.0254537539347665,0.0122066785562582,2.4,0.0,2.6763157894736844,0.0030012551423221,0.0089046364048497,-0.05
196,12,1941.0,157.83333333333334,90.0,31.306249999999995,27.9875,30.05769853926399,2019-03-01,0.5135695836834006,0.0813154731238193,0.0463678516228748,0.0144191138588356,0.0154856767332632,2.41,0.0041666666666668,2.570952380952381,0.0037817929172307,0.0089046364048497,0.0
197,6,1560.6666666666667,136.33333333333334,49.833333333333336,36.308333333333344,41.02500000000002,20.56800711461047,2019-04-01,0.7106420383411477,0.0873558308415207,0.0319307988039299,0.0262868432293891,0.0131789878991523,2.42,0.0041493775933609,2.532380952380952,0.0037596794047436,0.013297963958055,-0.026315789473684
198,13,2197.153846153846,157.0,87.46153846153847,30.89423076923076,21.399999999999988,33.221955832837025,2019-05-01,0.4564585686869896,0.0714560795434653,0.0398067429891818,0.0097398732626124,0.0151204504368197,2.39,-0.0123966942148759,2.395,0.0002468332856644,0.013297963958055,-0.027027027027027
199,8,1485.625,112.25,64.25,22.75312499999999,20.525,13.780145120918402,2019-06-01,0.4911051306877984,0.0755574253260412,0.0432477913336138,0.0138157341186369,0.0092756551087376,2.38,-0.0041841004184101,2.074,-0.000325112810228,0.013297963958055,0.0
200,7,2269.428571428572,166.57142857142858,116.0,23.30714285714285,6.1,30.69987009434279,2019-07-01,0.3517601773252206,0.0733979604683369,0.0511141885937303,0.0026879012967392,0.0135275771534936,2.4,0.0084033613445377,2.059090909090909,0.0023078761661827,0.0144732408921766,0.0277777777777779
202,7,2401.428571428572,182.0,108.85714285714286,28.52857142857142,24.15000000000001,19.239647803924253,2019-09-01,0.3962188927968776,0.0757882212968471,0.0453301606186793,0.0100565139797739,0.0080117510188857,2.04,-0.0422535211267605,1.6995,0.0015388460997671,0.0144732408921766,-0.0277777777777777
203,14,1548.2142857142858,119.21428571428572,59.42857142857143,26.9375,17.5375,22.76258474828981,2019-10-01,0.5486483125454464,0.0770011534025374,0.0383852364475201,0.0113275663206459,0.0147024768847085,1.83,-0.1029411764705882,1.7068181818181818,0.0028272822992629,0.0095927581286165,0.0285714285714286
204,8,2359.5,166.125,99.25,27.43125000000001,26.725,23.297258997266493,2019-11-01,0.3892050932929086,0.0704068658614113,0.0420639966094511,0.0113265522356431,0.0098738118233805,1.55,-0.1530054644808743,1.8121052631578949,0.0028154226050436,0.0095927581286165,0.0
205,3,2515.6666666666665,158.0,105.66666666666669,28.53333333333332,17.59999999999999,31.17279797088052,2019-12-01,0.3813721601234618,0.0628064131442957,0.0420034450775142,0.0069961574135418,0.01239146600141,1.55,0.0,1.8628571428571428,0.0029122185210892,0.0095927581286165,0.0
206,6,2593.1666666666665,222.66666666666663,90.16666666666669,55.24583333333329,48.81249999999999,52.63069545585217,2020-01-01,0.6565044844297157,0.0858667009447907,0.0347708721640208,0.0188235105083874,0.0202959170084911,1.55,0.0,1.757619047619048,0.0010671615821828,-0.0089431792603456,0.0
212,4,2396.5,168.25,139.25,9.087499999999991,3.937499999999998,17.54214567833706,2020-07-01,0.1728503349673357,0.0702065512205299,0.0581055706238264,0.0016430210723972,0.0073199022233828,0.09,0.125,0.6236363636363637,0.0054629499929963,0.0871031258099235,-0.0727272727272727
214,6,2706.833333333333,228.66666666666663,121.33333333333331,51.31249999999997,37.44999999999999,39.77113510449502,2020-09-01,0.5916651382708148,0.0844775568006896,0.0448248260575087,0.0138353549658272,0.0146928643942472,0.09,-0.1,0.6795238095238095,0.0022554999498778,0.0871031258099235,-0.0714285714285715
216,6,2492.333333333333,180.16666666666663,110.0,36.02083333333331,43.725,30.023758994613992,2020-11-01,0.4672745809269699,0.0722883509428915,0.0441353484017654,0.0175438009897017,0.0120464460323447,0.09,0.0,0.8700000000000001,0.0024822381642195,0.0174089184779495,-0.0147058823529411
217,7,2049.0,184.42857142857144,105.42857142857144,33.00714285714284,25.849999999999994,35.93044413135173,2020-12-01,0.5130165345915861,0.0900090636547444,0.0514536707801715,0.0126159102000976,0.0175355998688881,0.09,0.0,0.9336363636363636,0.0042545851779451,0.0174089184779495,0.0
218,7,2319.285714285714,184.42857142857144,101.14285714285714,38.25714285714283,29.375000000000007,47.13066878876413,2021-01-01,0.5236859310315873,0.0795195565137049,0.0436094856790883,0.0126655374191561,0.0203211999705173,0.09,0.0,1.0810526315789473,0.0019579779011851,0.0261382981553908,-0.044776119402985
219,7,1744.142857142857,149.0,109.14285714285714,12.303571428571429,9.7,21.40819755652137,2021-02-01,0.2629460883681985,0.0854287820460316,0.0625767876156933,0.0055614710459497,0.0122743372017077,0.08,-0.111111111111111,1.2578947368421052,0.0040568646721368,0.0261382981553908,-0.03125
220,12,1900.3333333333333,149.5,94.33333333333331,23.92083333333332,19.950000000000003,28.20841032172472,2021-03-01,0.4157687241522433,0.078670408700228,0.0496404139624627,0.0104981582178565,0.0148439275504602,0.07,-0.1249999999999998,1.6108695652173912,0.0050344673214888,0.0261382981553908,-0.0161290322580646
221,3,3014.6666666666665,212.3333333333333,133.33333333333334,38.749999999999964,30.399999999999952,35.17630594590624,2021-04-01,0.4231184258772059,0.0704334365325077,0.0442282176028306,0.0100840336134453,0.0116683898537946,0.07,0.0,1.635,0.0069533048960022,0.0306270501768015,0.0
222,9,1683.4444444444443,125.0,75.11111111111111,22.411111111111115,20.65,13.191753526772374,2021-05-01,0.4357902190556101,0.0742525245858359,0.0446175169955778,0.01226651706158,0.0078361680246156,0.06,-0.142857142857143,1.621,0.006372960652591,0.0306270501768015,-0.0491803278688524
223,6,2463.0,195.16666666666663,113.33333333333331,38.0833333333333,32.7,35.13244108607687,2021-06-01,0.4951552748985006,0.0792394099336852,0.0460143456489376,0.0132764920828258,0.0142640848908148,0.08,0.3333333333333335,1.5190909090909093,0.0082398343092993,0.0306270501768015,0.0172413793103449
224,4,2276.5,178.25,109.25,37.82499999999993,19.90000000000001,45.69008827597791,2021-07-01,0.5270053718521961,0.0783000219635405,0.04799033604217,0.0087414891280474,0.0200703221067331,0.1,0.25,1.3185714285714287,0.0049138415156799,0.0230380671569505,-0.0847457627118644
225,5,1510.2,105.0,64.4,20.075,19.549999999999983,7.072702807272477,2021-08-01,0.4352458362039226,0.0695272149384187,0.0426433584955635,0.0129453052575817,0.0046832888407313,0.09,-0.1,1.2831818181818182,0.0029228585924689,0.0230380671569505,-0.0555555555555556
226,6,2007.0,175.33333333333334,93.0,38.87916666666667,33.18749999999999,33.803633002484624,2021-09-01,0.6031300964935958,0.0873609035044012,0.046337817638266,0.0165358744394618,0.0168428664686022,0.08,-0.111111111111111,1.3747619047619049,0.0040250889881923,0.0230380671569505,-0.0784313725490195
229,4,3304.75,264.0,173.0,41.88749999999996,46.44999999999991,54.90194478947591,2021-12-01,0.4181779271750958,0.0798850139950071,0.0523488917467281,0.0140555261366215,0.0166130402570469,0.08,0.0,1.465,0.0072059081990967,0.0346481570985035,-0.0487804878048779
231,4,1233.0,94.25,43.75,25.000000000000004,24.27500000000001,21.42455756058142,2022-02-01,0.6280957145822548,0.0764395782643957,0.0354825628548256,0.0196877534468775,0.0173759590921179,0.08,0.0,1.9342105263157887,0.0075958780410072,0.0151903885858557,-0.05
235,5,2123.2,142.0,115.8,13.015,17.674999999999997,8.524791053157845,2022-07-01,0.2374182843371001,0.0668801808590806,0.0545403165033911,0.0083246985681989,0.0040150673762047,1.68,0.3884297520661157,2.896,-6.440765298509898e-05,0.0176308012367389,-0.0277777777777777
236,5,1205.6,100.6,59.0,14.105000000000013,13.65,26.195559022475543,2022-08-01,0.3912403753644437,0.0834439283344392,0.0489382879893828,0.0113221632382216,0.0217282340929624,2.33,0.3869047619047621,2.8978260869565218,0.0007865019984609,0.0176308012367389,0.0285714285714286
237,8,1897.625,135.0,86.875,21.259375,13.96249999999999,23.4190510722574,2022-09-01,0.3775303426664174,0.0711415585271062,0.0457809103484618,0.0073578815624794,0.012341242907454,2.56,0.0987124463519313,3.5190476190476194,0.0038345714392176,0.0176308012367389,-0.0277777777777777
238,7,1514.428571428571,98.57142857142856,75.14285714285714,10.867857142857138,11.799999999999994,11.753684832547496,2022-10-01,0.2663151156894671,0.065088199226488,0.0496179605697575,0.0077917177624752,0.0077611351596861,3.08,0.203125,3.9835,0.0051359751097552,0.0159173589600531,0.0285714285714286
239,8,1842.75,113.875,98.75,11.475,15.725,25.342803289522426,2022-11-01,0.240102955173222,0.0617962284628951,0.0535883869217202,0.0085334418667752,0.0137527083378225,3.78,0.227272727272727,3.891,0.002635439782719,0.0159173589600531,0.0
240,2,2729.5,143.5,151.0,8.337499999999997,8.337499999999997,9.669685232726035,2022-12-01,0.1524849750057437,0.052573731452647,0.0553214874519142,0.0030545887525187,0.0035426580812332,4.1,0.0846560846560846,3.616190476190476,0.0005491414641984,0.0159173589600531,-0.0277777777777777
241,6,1335.8333333333333,92.83333333333331,58.333333333333336,17.88333333333333,22.7625,25.32668882161004,2023-01-01,0.4378545396996512,0.0694946974422957,0.0436681222707423,0.0170399251403618,0.0189594676144304,4.33,0.0560975609756098,3.5315,0.0051671284955088,0.0153434484210615,-0.0285714285714285
242,10,1723.4,124.2,82.1,18.957500000000003,19.75,14.785315772752371,2023-02-01,0.3719214240401499,0.0720668446094928,0.0476383892305906,0.0114599048392712,0.0085791550265477,4.57,0.0554272517321017,3.7468421052631578,0.0038387779834596,0.0153434484210615,0.0588235294117647
243,8,2045.875,151.5,86.125,27.671874999999982,9.0,42.6128992825864,2023-03-01,0.4416738979534747,0.0740514449807539,0.0420969023034154,0.0043990957414309,0.0208286915293389,4.65,0.0175054704595185,3.6630434782608696,0.0007794128865141,0.0153434484210615,-0.0277777777777777
244,7,1403.142857142857,124.57142857142856,50.42857142857143,30.960714285714307,22.000000000000007,24.12475326792165,2023-04-01,0.6775180992995515,0.0887802891468132,0.035939727143148,0.0156790877621665,0.0171933692603799,4.83,0.0387096774193547,3.46,0.0042685190094915,0.0093016600045625,-0.0285714285714285
246,7,1574.0,124.0,82.42857142857143,14.182142857142866,8.674999999999995,16.751142462815018,2023-06-01,0.3169674511839992,0.0787801778907242,0.0523688509711381,0.0055114358322744,0.0106424030894631,5.08,0.0039525691699606,3.7480952380952384,0.0021030771512864,0.0093016600045625,-0.027027027027027
247,3,2335.0,140.0,110.66666666666669,11.758333333333328,4.85,13.08530505312479,2023-07-01,0.2071986166200334,0.0599571734475374,0.0473947180585296,0.0020770877944325,0.0056039850334581,5.12,0.0078740157480314,3.8995,0.0020559007641371,0.0202163750287662,-0.0277777777777777
249,8,1218.875,98.5,50.75,25.7,22.0,18.97135528707876,2023-09-01,0.6504458878648448,0.0808122243872423,0.0416367552045944,0.0180494308276074,0.0155646438618223,5.33,0.0,4.379,0.0035958417568349,0.0202163750287662,0.0
250,14,1413.0,131.35714285714286,52.35714285714285,31.42678571428572,23.85,25.370530042607644,2023-10-01,0.6823765466239082,0.0929632999696694,0.0370538873723587,0.0168789808917197,0.0179550814172736,5.33,0.0,4.798095238095239,0.0007907890968732,0.0125631434957491,0.0
