Mean_File_Count,Mean_Word_Count,Mean_Positive,Mean_Negative,Mean_Sentiment_Score,Median_Sentiment_Score,StdDev_Sentiment_Score,Date,Mean_Sentiment_Score_Corrected,Mean_Positive_Corrected,Mean_Negative_Corrected,Median_Sentiment_Score_Corrected,StdDev_Sentiment_Score_Corrected
2,87890.5,6572.5,3004.5,1824.3500000000283,1824.3500000000283,2563.8277672262243,2000-02-01,0.020757078410067395,0.07478055079900559,0.03418458195140544,0.020757078410067395,0.029170704083219735
2,28619.5,2814.5,888.5,965.6749999999988,965.6749999999988,1346.2959560401255,2000-03-01,0.03374185433008958,0.0983420395185101,0.031045266339383988,0.03374185433008958,0.047041211622848945
2,22240.5,2032.5,954.5,572.250000000004,572.250000000004,799.8084802001094,2000-05-01,0.02573008700343985,0.09138733391785257,0.04291720060250444,0.02573008700343985,0.03596180302601603
2,25651.5,1818.0,1106.0,397.6750000000036,397.6750000000036,534.890924628569,2000-06-01,0.015502992027756802,0.07087304835974505,0.0431163869559285,0.015502992027756802,0.020852227925406662
2,23098.5,1921.0,917.5,564.4499999999969,564.4499999999969,771.5949196307563,2000-08-01,0.024436651730631722,0.08316557352209018,0.03972119401692751,0.024436651730631722,0.033404546599595485
2,19812.5,1541.5,1004.5,360.8750000000033,360.8750000000033,483.2721296019506,2000-10-01,0.01821451104100963,0.07780441640378549,0.05070031545741325,0.01821451104100963,0.024392284143947035
2,24102.5,2033.0,1343.5,458.90000000000816,458.90000000000816,633.3555439088022,2000-11-01,0.019039518722124598,0.08434809667046987,0.05574110569443004,0.019039518722124598,0.02627758713447992
2,30273.0,2471.0,1519.0,463.7625000000052,463.7625000000052,664.5566306286544,2000-12-01,0.015319343969874317,0.0816238892742708,0.0501767251346084,0.015319343969874317,0.021952123365000308
3,68018.33333333333,5819.0,3164.3333333333335,1105.616666666644,16.44999999999999,1891.8639019055217,2001-01-01,0.016254686236553538,0.08555046433559581,0.0465217710911274,0.00024184656097620723,0.02781402908880726
2,29011.0,2389.0,1425.0,508.7875000000024,508.7875000000024,707.1598141951399,2001-03-01,0.017537744303884818,0.08234807486815346,0.04911929957602289,0.017537744303884818,0.024375575271281234
1,1106.0,69.0,71.0,4.750000000000004,4.750000000000004,,2001-04-01,0.004294755877034362,0.06238698010849909,0.06419529837251356,0.004294755877034362,
2,29815.5,2347.5,1960.0,380.64999999999986,380.64999999999986,524.3196782498248,2001-05-01,0.012766849457496935,0.0787342154248629,0.06573761969445423,0.012766849457496935,0.017585473268931423
2,28986.0,2287.0,1757.0,343.9000000000017,343.9000000000017,470.93311627024303,2001-06-01,0.011864348306078855,0.07890015869730214,0.06061546953701787,0.011864348306078855,0.01624691631374605
2,31479.5,2566.0,1746.5,420.11250000000393,420.11250000000393,588.9669157198107,2001-08-01,0.01334558998713461,0.08151336584126177,0.055480550834670184,0.01334558998713461,0.01870953845263777
1,750.0,33.0,43.0,-1.8499999999999976,-1.8499999999999976,,2001-09-01,-0.0024666666666666635,0.044,0.05733333333333333,-0.0024666666666666635,
2,21678.5,1670.5,1707.5,-29.39999999999976,-29.39999999999976,45.96194077712525,2001-10-01,-0.0013561823926932102,0.07705791452360634,0.07876467467767603,-0.0013561823926932102,0.0021201624087056415
2,24778.5,2049.5,1702.0,274.2874999999982,274.2874999999982,374.4660736468634,2001-11-01,0.011069576447323213,0.08271283572451923,0.06868858082611942,0.011069576447323213,0.01511254005072395
2,26052.0,1994.5,1683.5,210.4749999999984,210.4749999999984,283.9387279854559,2001-12-01,0.00807903423921382,0.07655842161830186,0.06462075848303393,0.00807903423921382,0.010898922462208502
1,153694.0,13208.0,7001.0,2970.324999999996,2970.324999999996,,2002-01-01,0.019326226137650112,0.08593699168477624,0.04555155048342811,0.019326226137650112,
1,52469.0,4850.0,2734.0,1084.0500000000052,1084.0500000000052,,2002-03-01,0.020660771121995943,0.09243553336255694,0.05210695839448055,0.020660771121995943,
2,21095.0,1978.5,1166.0,475.8500000000007,475.8500000000007,619.354829641298,2002-05-01,0.022557478075373345,0.09378999762977008,0.05527376155487082,0.022557478075373345,0.029360266870884
2,48687.0,4988.5,2040.5,1447.0750000000073,1447.0750000000073,2004.8952120372876,2002-06-01,0.029721999712449057,0.10246061577012344,0.041910571610491505,0.029721999712449057,0.041179271921401764
2,44034.0,4349.5,2324.5,992.975000000002,992.975000000002,1397.9147510667478,2002-08-01,0.02255018849071177,0.09877594586001726,0.052788754144524684,0.02255018849071177,0.03174625859714648
2,33483.0,3166.5,1672.5,809.8500000000081,809.8500000000081,1119.8450093651468,2002-09-01,0.02418690081533937,0.09457037899829765,0.049950721261535706,0.02418690081533937,0.03344518141639479
2,55436.0,4737.5,2997.0,1088.5624999999939,1088.5624999999939,1499.7911605661882,2002-11-01,0.019636382495129407,0.08545890756908868,0.05406234216032903,0.019636382495129407,0.027054462092614695
2,32796.5,3158.0,1967.5,695.8874999999981,695.8874999999981,955.0007410010188,2002-12-01,0.021218346469897644,0.0962907627338283,0.05999115759303584,0.021218346469897644,0.02911898345863183
2,70803.5,6077.0,3159.5,1477.0750000000185,1477.0750000000185,2052.4834984111585,2003-01-01,0.02086160994866099,0.08582909036982635,0.04462350025069382,0.02086160994866099,0.028988446876371345
2,18261.5,1601.5,1098.5,270.624999999998,270.624999999998,342.8407228582947,2003-03-01,0.014819428853051392,0.08769816280152233,0.06015387564000767,0.014819428853051392,0.018773962864950564
2,2403.5,134.5,120.0,18.162500000000012,18.162500000000012,19.038850083447812,2003-05-01,0.007556688163095491,0.05596005824838777,0.0499271895152902,0.007556688163095491,0.007921302302245813
2,31325.0,2757.0,1700.0,669.5624999999911,669.5624999999911,916.0745126966896,2003-06-01,0.021374700718275855,0.08801276935355147,0.05426975259377494,0.021374700718275855,0.029244198330301344
2,21523.0,1803.5,939.5,389.23750000000194,389.23750000000194,543.5353050285722,2003-08-01,0.01808472331923997,0.0837940807508247,0.043650978023509736,0.01808472331923997,0.025253696279727372
2,22360.0,2097.5,1147.0,575.5999999999929,575.5999999999929,805.7481771620609,2003-09-01,0.025742397137745655,0.09380590339892665,0.05129695885509839,0.025742397137745655,0.036035249425852456
2,20532.0,1882.0,1066.5,493.7999999999944,493.7999999999944,690.0655077599438,2003-10-01,0.0240502630040909,0.0916617962205338,0.05194330800701344,0.0240502630040909,0.03360926883693473
2,24588.0,2092.5,1336.5,454.57500000000033,454.57500000000033,629.9260760200364,2003-12-01,0.018487676915568584,0.08510248901903368,0.054355783308931184,0.018487676915568584,0.025619248251994322
2,8186.0,653.5,215.5,203.10000000000036,203.10000000000036,268.41773413841395,2004-01-01,0.02481065233325194,0.07983141949670168,0.026325433667236747,0.02481065233325194,0.03278985269220791
2,17807.0,1543.0,817.5,362.35000000000025,362.35000000000025,497.16677785226193,2004-03-01,0.02034873925984165,0.08665131689784916,0.045908912225529286,0.02034873925984165,0.027919738184548883
2,1942.5,163.5,74.5,41.21249999999999,41.21249999999999,35.090174016382406,2004-05-01,0.02121621621621621,0.08416988416988418,0.03835263835263835,0.02121621621621621,0.018064439648073312
2,2067.0,160.5,55.5,48.29999999999998,48.29999999999998,35.21391770309003,2004-06-01,0.023367198838896944,0.07764876632801161,0.026850507982583455,0.023367198838896944,0.017036244655582986
2,18709.5,1451.5,777.5,384.30000000000115,384.30000000000115,506.8541407545189,2004-08-01,0.02054036719313724,0.07758090809481814,0.04155642855233972,0.02054036719313724,0.02709073683179769
2,1892.0,115.0,62.0,26.91250000000001,26.91250000000001,16.98824041800681,2004-09-01,0.014224365750528547,0.060782241014799156,0.03276955602536998,0.014224365750528547,0.008978985421779499
2,1475.0,99.5,63.0,23.549999999999997,23.549999999999997,20.293964620053917,2004-11-01,0.015966101694915254,0.06745762711864407,0.04271186440677966,0.015966101694915254,0.013758620081392486
2,1981.0,130.5,68.5,35.20000000000003,35.20000000000003,17.182694782833114,2004-12-01,0.01776880363452803,0.06587582029278143,0.03457849570923776,0.01776880363452803,0.00867374799739178
2,2780.0,191.5,82.5,54.525,54.525,57.31100461516966,2005-02-01,0.019613309352517986,0.06888489208633093,0.029676258992805755,0.019613309352517986,0.02061546928603225
2,1758.5,117.5,66.0,29.0875,29.0875,26.710958659321836,2005-03-01,0.01654108615297128,0.06681831106056298,0.037531987489337504,0.01654108615297128,0.015189626761058764
2,1686.0,109.5,70.0,21.987499999999994,21.987499999999994,16.104356941523612,2005-05-01,0.013041221826809012,0.06494661921708185,0.04151838671411625,0.013041221826809012,0.009551813132576283
2,1740.5,97.5,74.0,19.72500000000001,19.72500000000001,8.379215357060595,2005-06-01,0.011332950301637465,0.0560183855214019,0.042516518241884516,0.011332950301637465,0.004814257602447914
2,1444.0,85.5,53.5,19.500000000000007,19.500000000000007,14.566399692442895,2005-08-01,0.013504155124653744,0.05921052631578947,0.037049861495844875,0.013504155124653744,0.010087534413049095
1,2193.0,145.0,127.0,11.500000000000004,11.500000000000004,,2005-09-01,0.005243958048335615,0.06611947104423165,0.05791153670770634,0.005243958048335615,
1,2266.0,128.0,125.0,3.675000000000001,3.675000000000001,,2005-11-01,0.0016218005295675203,0.05648720211827008,0.05516328331862312,0.0016218005295675203,
1,2218.0,158.0,91.0,40.1,40.1,,2005-12-01,0.018079350766456267,0.07123534715960325,0.04102795311091073,0.018079350766456267,
3,1901.6666666666667,138.33333333333334,57.666666666666664,36.24999999999997,39.67499999999998,31.97537138173688,2006-01-01,0.019062226117440826,0.07274320771253287,0.03032427695004382,0.020863277826468,0.016814393364629386
5,1598.8,162.4,77.4,40.44499999999998,34.000000000000014,26.45792296269681,2006-02-01,0.025297097823367514,0.10157618213660245,0.04841130848136103,0.021265949462096582,0.016548613311669257
11,1900.909090909091,174.8181818181818,100.63636363636364,31.25909090909091,31.075000000000014,17.911645208939053,2006-03-01,0.016444285031085606,0.09196556671449067,0.052941176470588235,0.016347441415590632,0.009422673232823031
11,1746.5454545454545,172.54545454545453,96.81818181818181,28.993181818181828,18.45,28.62814631378771,2006-04-01,0.016600301894649182,0.0987924214032896,0.05543410368519675,0.01056371018113679,0.01639129759794216
12,1835.5,194.0,94.75,38.891666666666666,49.59999999999999,34.069436672060114,2006-05-01,0.02118859529646781,0.10569327158812312,0.051620811767910654,0.027022609643149,0.018561392902239234
14,4402.214285714285,372.85714285714283,202.28571428571428,78.16428571428595,28.8125,165.44098695557716,2006-06-01,0.017755674903863372,0.0846976359299703,0.045950901332121825,0.00654500170368808,0.037581311635022645
3,2305.0,229.33333333333334,123.33333333333333,43.28333333333336,47.42500000000002,8.573809441160527,2006-07-01,0.018778018799710784,0.09949385394070862,0.05350686912509038,0.020574837310195236,0.003719657024364654
4,1859.25,141.75,59.75,41.44374999999999,49.1125,28.995706399109032,2006-08-01,0.02229057415624579,0.07624041952400161,0.03213661422616647,0.026415221191340592,0.015595377920725578
5,1596.0,125.2,46.4,37.785000000000025,38.12499999999999,35.41126056779118,2006-09-01,0.023674812030075203,0.07844611528822056,0.02907268170426065,0.02388784461152882,0.022187506621423048
8,1876.375,175.0,115.125,23.13124999999999,18.63749999999998,14.62660095022568,2006-10-01,0.012327626407301307,0.09326493904470055,0.06135500632869229,0.009932716008260598,0.007795137406022612
8,2135.25,176.5,83.375,38.59375000000001,37.80000000000004,13.434196437769234,2006-11-01,0.018074581430745817,0.08266011005737033,0.03904695000585411,0.01770284510010539,0.006291626946619475
5,1730.8,133.6,69.0,32.70000000000001,23.924999999999997,41.38670906825042,2006-12-01,0.01889299745782298,0.07718973884908713,0.039865957938525536,0.013823087589553962,0.023911895694621228
7,2271.4285714285716,185.0,114.85714285714286,24.892857142857142,25.449999999999992,34.21833303181484,2007-01-01,0.010959119496855345,0.08144654088050314,0.050566037735849056,0.011204402515723267,0.015064674919666912
3,2746.6666666666665,228.66666666666666,147.33333333333334,27.791666666666625,34.45000000000004,24.03932108719651,2007-02-01,0.010118325242718431,0.08325242718446602,0.053640776699029134,0.012542475728155355,0.008752180007474457
13,2400.846153846154,182.07692307692307,107.84615384615384,34.34230769230769,43.57499999999999,25.317155713022665,2007-03-01,0.01430425170612925,0.07583864663099547,0.044920060235173496,0.01814985101406555,0.010545097057745496
5,2064.4,192.2,119.2,30.934999999999974,22.875000000000004,24.993396627909497,2007-04-01,0.014984983530323567,0.09310211199379964,0.05774074791707033,0.011080701414454565,0.01210685750237817
12,2121.4166666666665,191.33333333333334,101.75,36.12708333333334,39.13749999999999,23.885299916126943,2007-05-01,0.01702969713634757,0.09019130298149822,0.047963232116903017,0.018448756727029888,0.011259127116059368
8,2043.5,176.875,93.0,33.94999999999999,24.749999999999986,29.348168597035134,2007-06-01,0.016613653046244185,0.08655493026669929,0.045510154147296304,0.0121115732811353,0.014361716954751717
2,2771.5,287.0,111.5,68.6,68.6,15.379572490807384,2007-07-01,0.02475193938300559,0.10355403211257441,0.04023092188345661,0.02475193938300559,0.005549187259898027
6,1503.1666666666667,125.0,66.5,23.22499999999999,13.887499999999996,32.06868020358803,2007-08-01,0.015450715156891,0.0831577780241712,0.04423993790885907,0.009238829138485416,0.021334081519184853
10,2421.2,176.4,115.6,25.0375,20.337500000000006,37.91616895277733,2007-09-01,0.010340946638030729,0.07285643482570626,0.047744919874442425,0.008399760449363955,0.015660073084742
12,2262.1666666666665,167.16666666666666,119.08333333333333,17.095833333333328,20.787499999999994,21.233889169024692,2007-10-01,0.007557282840934205,0.07389670669711929,0.05264127311574449,0.009189199145362113,0.009386527297881688
11,2015.090909090909,187.8181818181818,110.27272727272727,29.2409090909091,34.37500000000003,31.012913182913167,2007-11-01,0.01451096273572138,0.09320581070107371,0.05472345032933321,0.017058783722818747,0.015390329559327115
2,24653.5,1652.0,1493.5,115.41249999999813,115.41249999999813,162.97043539396688,2007-12-01,0.004681383981990311,0.06700874115237188,0.06057963372340641,0.004681383981990311,0.006610438087653553
7,3427.5714285714284,231.57142857142858,169.14285714285714,23.482142857142776,10.900000000000006,48.44851587485598,2008-01-01,0.006850956528987598,0.06756137206685284,0.04934772642020589,0.0031800941941399594,0.014134939820947438
7,2095.0,184.71428571428572,136.0,16.58928571428572,14.224999999999987,25.964093223233558,2008-02-01,0.007918513467439483,0.0881691101261507,0.06491646778042959,0.006789976133651545,0.01239336192039788
12,2153.3333333333335,163.5,122.83333333333333,17.099999999999998,16.512500000000003,12.710312563212018,2008-03-01,0.007941176470588234,0.07592879256965944,0.05704334365325077,0.007668343653250775,0.005902621933380194
10,2409.4,210.3,127.8,36.5825,30.82500000000001,25.367759092771443,2008-04-01,0.015183240640823442,0.08728314103096206,0.0530422511828671,0.012793641570515485,0.010528662361073894
10,2301.8,211.3,154.3,19.29000000000001,15.100000000000001,22.224677225502692,2008-05-01,0.008380397949430884,0.09179772352072291,0.06703449474324441,0.006560083412981145,0.009655346783170862
10,1840.0,169.2,86.0,35.33,34.787499999999994,22.333276741221816,2008-06-01,0.01920108695652174,0.09195652173913042,0.04673913043478261,0.018906249999999996,0.012137650402837943
5,2279.4,202.8,108.8,38.72499999999998,33.150000000000006,32.53958646787016,2008-07-01,0.01698911994384486,0.08897078178468018,0.047731859261209084,0.014543300868649647,0.014275505162705166
3,1944.0,157.0,115.0,12.241666666666669,14.774999999999991,10.653354323091552,2008-08-01,0.006297153635116599,0.08076131687242798,0.05915637860082305,0.007600308641975305,0.0054801205365697285
5,1305.2,98.0,65.8,14.984999999999996,9.849999999999993,17.592439782474738,2008-09-01,0.01148099908060067,0.07508427827152926,0.05041372969659822,0.007546736132393497,0.013478731062269949
9,1754.7777777777778,147.55555555555554,100.0,20.727777777777774,14.250000000000004,17.811782636626923,2008-10-01,0.011812195276388271,0.08408788703856138,0.05698727284239853,0.008120686380041792,0.010150449169229551
3,2335.6666666666665,190.0,156.0,13.825000000000001,7.200000000000007,11.71380062148916,2008-11-01,0.00591908091908092,0.08134722420436706,0.06679035250463822,0.003082631654060229,0.005015185081271226
9,1958.7777777777778,152.55555555555554,111.55555555555556,14.108333333333341,16.65,12.596707159015802,2008-12-01,0.0072026206818310776,0.07788303363775596,0.05695161381814056,0.008500198536502353,0.006430901607075966
3,7327.666666666667,506.6666666666667,312.3333333333333,83.15833333333335,31.700000000000014,109.65174512215178,2009-01-01,0.011348542055224493,0.06914433880726016,0.042623845698949184,0.004326070145112134,0.014964073846447497
4,2472.5,205.0,136.25,22.26875000000001,30.12500000000001,24.088027584604486,2009-02-01,0.00900657229524773,0.08291203235591507,0.0551061678463094,0.012184024266936303,0.009742377182853179
6,2232.8333333333335,170.33333333333334,115.16666666666667,20.437500000000004,23.25,8.302766858102187,2009-03-01,0.009153168619840264,0.07628573561245054,0.051578711651862355,0.010412778980368739,0.0037184892997397267
9,2386.0,198.77777777777777,155.11111111111111,21.33611111111111,20.924999999999997,20.612530742514632,2009-04-01,0.008942209183198286,0.08331004936201919,0.06500884790909937,0.008769907795473595,0.008638948341372436
4,2037.25,204.5,107.5,33.14375000000003,44.10000000000001,28.3037201250413,2009-05-01,0.016268867345686604,0.100380414774819,0.05276721070069947,0.02164682783163579,0.013893101055364485
10,2137.1,169.3,124.6,14.939999999999989,14.349999999999994,19.982687645948825,2009-06-01,0.00699078190070656,0.07921950306490104,0.05830330822142155,0.006714706845725514,0.00935037557716009
2,1237.5,118.0,89.5,12.062500000000009,12.062500000000009,35.93870215380629,2009-07-01,0.009747474747474755,0.09535353535353536,0.07232323232323232,0.009747474747474755,0.029041375477823265
5,2844.6,225.6,175.0,14.759999999999986,16.14999999999999,21.778405302041737,2009-08-01,0.0051887787386627245,0.07930816283484497,0.0615200731210012,0.0056774238908809645,0.007656051923659473
7,1583.4285714285713,133.0,79.0,24.52857142857142,19.700000000000006,18.066609558862453,2009-09-01,0.015490797546012266,0.08399494767232046,0.049891735835438475,0.01244135691086251,0.011409803943705988
8,2288.5,186.5,148.125,5.775000000000008,0.2749999999999986,22.0126019102046,2009-10-01,0.002523487000218487,0.08149442866506446,0.06472580292768189,0.00012016604762945099,0.009618790434872014
7,2781.8571428571427,264.0,156.57142857142858,46.14642857142858,30.825000000000014,44.756297109483725,2009-11-01,0.016588353104298265,0.09490063164381451,0.05628305859395061,0.011080727160684029,0.016088639642909984
5,2355.6,200.4,118.8,39.809999999999995,35.57500000000004,22.24377440993322,2009-12-01,0.016900152827305143,0.08507386653082018,0.05043301069791136,0.015102309390388877,0.009442933609243174
6,2838.3333333333335,206.16666666666666,135.83333333333334,29.429166666666664,18.337499999999988,34.49273625224109,2010-01-01,0.010368467410452142,0.07263652378156195,0.04785672342924251,0.006460657662947735,0.01215246139245135
4,1576.5,164.5,106.25,15.568750000000001,18.89999999999999,19.05876192857238,2010-02-01,0.009875515382175707,0.10434506818902632,0.06739613066920393,0.011988582302568976,0.01208928761723589
8,2066.625,185.875,121.0,24.484375000000004,26.262500000000006,15.038954997296662,2010-03-01,0.011847517087038047,0.08994132946228754,0.05854956753160346,0.012707917498336663,0.007277060423297241
11,1458.5454545454545,137.9090909090909,82.18181818181819,24.765909090909087,18.474999999999994,21.70440702002496,2010-04-01,0.016979867863375714,0.09455248067813513,0.05634505110944902,0.012666728995263023,0.014880857468229529
8,1900.375,187.5,94.625,43.04375000000002,24.662500000000023,43.147156316659945,2010-05-01,0.022650134841807546,0.09866473722291653,0.049792804051831875,0.012977701769387633,0.022704548479463234
8,1807.875,156.0,91.875,25.675,25.437500000000014,22.79845311168532,2010-06-01,0.014201756205489871,0.08628915162829288,0.050819332088778264,0.014070386503491676,0.012610635752850898
3,1080.0,108.33333333333333,30.666666666666668,31.016666666666666,32.925000000000004,20.279952128477355,2010-07-01,0.028719135802469136,0.10030864197530864,0.028395061728395062,0.030486111111111117,0.018777733452293846
4,2459.75,189.0,127.5,39.33124999999997,36.53749999999996,30.483324505648408,2010-08-01,0.01598993800182944,0.07683707693871328,0.05183453603008436,0.014854151844699648,0.012392854763959104
7,1766.857142857143,152.0,101.14285714285714,17.22142857142857,17.525000000000002,18.762514871032458,2010-09-01,0.009746927554980595,0.08602846054333764,0.05724450194049159,0.00991874191461837,0.010619146514976327
6,2132.3333333333335,183.16666666666666,135.0,16.295833333333327,16.624999999999996,12.420561749239324,2010-10-01,0.007642254181647644,0.08589964045646396,0.06331092699702985,0.0077966234172268225,0.0058248687271717945
7,2002.5714285714287,185.42857142857142,124.71428571428571,24.574999999999996,10.925000000000002,23.563071390065698,2010-11-01,0.012271722071622197,0.0925952346982451,0.06227707233556855,0.00545548580396633,0.01176640745687401
4,2090.75,157.0,99.5,24.906249999999986,18.5,20.883450136012783,2010-12-01,0.011912591175415514,0.07509267009446371,0.04759057754394356,0.008848499342341266,0.009988497015909498
4,3281.5,247.5,149.5,48.38124999999998,32.81250000000001,48.15365759299421,2011-01-01,0.014743638579917714,0.07542282492762456,0.045558433643151,0.009999238153283562,0.014674282368732045
6,2037.0,159.16666666666666,102.66666666666667,26.024999999999995,26.362499999999997,12.494028573682703,2011-02-01,0.012776141384388805,0.07813778432335133,0.050400916380297825,0.01294182621502209,0.006133543727875652
7,1967.0,170.42857142857142,113.57142857142857,23.392857142857135,15.450000000000005,35.3218319949035,2011-03-01,0.011892657418839417,0.08664391023313239,0.057738397850243296,0.007854600915099139,0.017957209961821808
8,2184.5,176.625,112.25,30.29375,34.04999999999998,22.408718607784273,2011-04-01,0.013867589837491416,0.08085374227512017,0.0513847562371252,0.015587090867475386,0.010258053837392664
6,1914.8333333333333,206.66666666666666,69.83333333333333,56.691666666666684,48.00000000000003,33.622223553278964,2011-05-01,0.02960658020715468,0.10792932370093132,0.03646966663765341,0.0250674558273131,0.01755882507787221
8,2291.875,178.5,130.875,14.949999999999996,12.424999999999994,13.069969668781065,2011-06-01,0.006523043359694571,0.07788382874284155,0.057103899645486775,0.005421325334060537,0.005702741060826208
3,2171.3333333333335,163.66666666666666,130.33333333333334,20.40833333333333,22.525,11.842728078163972,2011-08-01,0.009398986797666563,0.07537611298741172,0.06002456248081056,0.010373810254835737,0.0054541271468363395
8,2223.5,192.625,121.5,32.85312500000001,16.912499999999994,41.272670042180636,2011-09-01,0.014775410389026316,0.08663143692376883,0.05464357994153362,0.007606251405441868,0.018562028352678495
5,2634.2,220.6,169.2,16.579999999999977,20.450000000000003,35.3583061316574,2011-10-01,0.006294131045478695,0.08374459038797358,0.06423202490319642,0.007763267785285857,0.013422787233944805
8,2025.375,180.0,111.125,25.49375,28.275000000000006,21.416764753342175,2011-11-01,0.012587175214466456,0.0888724310312905,0.054866382768623094,0.013960377707831886,0.010574221935859865
2,2524.0,172.5,108.0,32.83749999999999,32.83749999999999,31.413218754212362,2011-12-01,0.0130101030110935,0.06834389857369255,0.042789223454833596,0.0130101030110935,0.012445807747310762
7,2735.0,223.0,137.85714285714286,32.557142857142864,20.6,35.95079888509003,2012-01-01,0.01190389135544529,0.08153564899451554,0.05040480543222774,0.007531992687385741,0.013144716228552114
1,2340.0,259.0,87.0,71.47499999999991,71.47499999999991,,2012-02-01,0.030544871794871756,0.11068376068376068,0.03717948717948718,0.030544871794871756,
7,1732.2857142857142,136.57142857142858,96.28571428571429,15.021428571428544,17.999999999999996,47.096106147809245,2012-03-01,0.008671449777337937,0.07883885865083293,0.055583044697344555,0.010390895596239484,0.027187262331738803
7,2638.4285714285716,209.42857142857142,180.42857142857142,-1.2785714285714473,4.350000000000007,37.9010263399165,2012-04-01,-0.0004845958091937913,0.07937625209811033,0.06838486111863121,0.0016487086469218716,0.014364999966398586
3,2150.6666666666665,185.33333333333334,148.0,7.058333333333331,12.375000000000009,12.248375742658018,2012-05-01,0.0032819280843149404,0.0861748295102294,0.06881587104773713,0.005754029758214512,0.00569515301115531
4,3054.25,242.0,176.0,27.95,21.312500000000018,18.22353103362059,2012-06-01,0.009151182778096095,0.07923385446508963,0.057624621429156093,0.006977981501186876,0.005966614073379909
3,1456.3333333333333,139.0,70.66666666666667,29.89999999999999,26.124999999999982,7.601439008503591,2012-07-01,0.020531013962005032,0.09544518196383613,0.04852368963149463,0.01793888761730372,0.005219573592472139
5,2286.0,162.4,97.4,32.91,32.27499999999999,14.464888523593945,2012-08-01,0.014396325459317584,0.0710411198600175,0.0426071741032371,0.014118547681539804,0.006327597779349933
2,2667.5,187.5,133.0,37.56250000000001,37.56250000000001,30.812177990203814,2012-09-01,0.014081537019681352,0.07029053420805999,0.04985941893158388,0.014081537019681352,0.011550957072241354
8,2902.0,210.5,134.625,31.70625,27.3375,22.245680760543156,2012-10-01,0.01092565472088215,0.07253618194348725,0.046390420399724325,0.009420227429359062,0.007665637753460771
6,2923.0,243.5,150.0,34.20416666666667,30.937500000000018,31.873756511692587,2012-11-01,0.011701733378948571,0.08330482381115292,0.05131713992473486,0.01058416010947657,0.010904466818916382
4,2253.25,168.25,106.5,29.53125,29.037499999999987,15.847665114562876,2012-12-01,0.013106069011427938,0.07466992122489736,0.04726506157772107,0.012886941085099295,0.007033247582187008
3,3946.0,292.0,195.33333333333334,33.33333333333325,11.225,63.58844398421235,2013-01-01,0.00844737286703833,0.07399898631525595,0.04950160500084474,0.0028446528129751646,0.016114658891082705
6,2976.6666666666665,246.83333333333334,174.66666666666666,23.81666666666666,21.687500000000007,26.223194249874794,2013-02-01,0.008001119820828665,0.08292273236282195,0.058678611422172455,0.00728583426651736,0.008809583734560401
8,2971.5,218.375,160.25,23.290625000000002,27.60000000000001,23.51752362411301,2013-03-01,0.007838002692242975,0.07348981995625105,0.05392899209153626,0.009288238263503284,0.007914360970591623
7,2429.5714285714284,216.42857142857142,139.71428571428572,31.66071428571429,23.3,37.1346953028848,2013-04-01,0.013031398835773507,0.08908096666078673,0.05750573293349798,0.009590168754042453,0.015284463286893257
7,2493.5714285714284,211.28571428571428,136.71428571428572,31.86071428571427,33.175000000000004,24.845844962584007,2013-05-01,0.012777141220280716,0.08473216843311372,0.05482669722142653,0.013304210827843027,0.009963959595421831
7,1932.5714285714287,154.42857142857142,95.14285714285714,26.539285714285707,17.375000000000018,20.015701425916305,2013-06-01,0.013732628622117085,0.07990833826138379,0.04923122412773506,0.008990612063867543,0.010357030601819495
5,2705.6,228.8,112.8,49.08000000000003,33.50000000000003,35.51597087931009,2013-07-01,0.018140153755174464,0.08456534594914253,0.04169130691898285,0.012381726788882328,0.013126837255806508
4,2960.5,220.5,164.25,23.862499999999983,19.53749999999999,17.731639565101318,2013-09-01,0.008060293869278833,0.07448066205032934,0.0554804931599392,0.0065993919945955045,0.005989407047830204
9,1930.5555555555557,160.55555555555554,103.0,25.072222222222216,16.499999999999993,20.9612754727484,2013-10-01,0.012987050359712227,0.08316546762589927,0.05335251798561151,0.008546762589928054,0.010857639093797732
8,2263.75,179.5,124.0,22.159374999999997,25.874999999999996,21.045053446203728,2013-11-01,0.00978879072335726,0.07929320817228051,0.05477636664826063,0.011430149088901158,0.009296544868560453
4,1833.25,137.25,87.25,28.737499999999997,13.012500000000003,33.6198509068675,2013-12-01,0.015675712532387833,0.07486703941088231,0.04759307241238238,0.007098049911359609,0.018338934082567843
4,3978.0,311.0,171.75,63.19375,53.924999999999976,47.35156357414895,2014-01-01,0.01588580945198592,0.07817998994469583,0.04317496229260935,0.013555806938159873,0.011903359370072636
2,2542.0,204.5,141.0,33.575,33.575,10.11162697096763,2014-02-01,0.013208103855232101,0.08044846577498033,0.05546813532651455,0.013208103855232101,0.003977823356006148
8,2083.625,167.125,103.0,26.28125000000001,22.312500000000004,22.94728722684731,2014-03-01,0.012613234147219394,0.0802087707720919,0.049433079368888355,0.010708500809886617,0.011013156027042921
5,2304.4,151.2,105.6,24.555000000000007,19.0,13.934718332280712,2014-04-01,0.010655702135046002,0.06561360874848116,0.045825377538621766,0.008245096337441415,0.0060470050044613395
5,1551.6,138.2,71.6,21.56000000000001,20.7,5.450819892456549,2014-05-01,0.013895333848930144,0.08906934777004383,0.046145913895333845,0.013341067285382832,0.0035130316398920784
5,2496.0,206.4,136.6,22.095000000000002,18.949999999999992,22.439832051510553,2014-06-01,0.008852163461538462,0.08269230769230769,0.0547275641025641,0.007592147435897432,0.008990317328329549
4,3240.75,247.75,171.5,27.3,20.237500000000004,23.724749735244853,2014-07-01,0.00842397593149734,0.0764483530047057,0.052919848800432,0.006244696443724448,0.007320759001849835
2,3505.5,299.0,244.5,19.037499999999987,19.037499999999987,16.316488975879608,2014-08-01,0.0054307516759378085,0.08529453715589788,0.06974753958065896,0.0054307516759378085,0.004654539716411242
7,1397.2857142857142,92.42857142857143,56.0,20.235714285714284,20.3,21.713483988175685,2014-09-01,0.014482159288416317,0.06614865555669155,0.04007770166649627,0.014528166854104898,0.015539759525327657
7,2488.8571428571427,193.42857142857142,112.71428571428571,45.92500000000003,29.575000000000045,46.94368967177599,2014-10-01,0.01845224428883023,0.07771782803352084,0.04528756744346229,0.01188296406841926,0.01886154446690575
5,2289.2,210.2,139.4,20.260000000000005,15.974999999999998,22.632067956773206,2014-11-01,0.008850253363620482,0.0918224707321335,0.06089463568058711,0.006978420408876463,0.009886452890430372
4,1993.0,151.0,110.0,17.96249999999999,10.7,19.59077695413497,2014-12-01,0.009012794781736073,0.07576517812343202,0.05519317611640743,0.005368790767686904,0.00982979275169843
4,2994.25,241.5,139.75,41.10624999999999,26.650000000000006,40.48595113842988,2015-01-01,0.013728396092510642,0.08065458796025717,0.0466727895132337,0.008900392418802708,0.013521232742232573
4,1871.75,155.25,120.25,10.175,9.399999999999999,2.4212600025606466,2015-02-01,0.00543608922131695,0.08294376919994657,0.06424469079738213,0.0050220381995458785,0.0012935808748821406
7,2886.4285714285716,213.14285714285714,143.28571428571428,23.78214285714287,16.599999999999987,27.15784767753494,2015-03-01,0.008239297203662463,0.07384310814154911,0.04964117792625587,0.0057510517198713145,0.009408806421318711
6,2266.3333333333335,165.16666666666666,107.66666666666667,22.55,27.487500000000004,19.365065194829587,2015-04-01,0.00994999264597735,0.07287836446536254,0.04750698632151787,0.012128621856155318,0.008544667684143073
6,1898.3333333333333,139.66666666666666,94.5,18.3625,16.699999999999996,20.469176522273685,2015-05-01,0.0096729587357331,0.07357330992098332,0.04978050921861282,0.008797190517998241,0.010782709318142415
7,2109.0,153.14285714285714,108.42857142857143,17.464285714285722,10.35,36.364087301046,2015-06-01,0.008280837228205653,0.07261396735080945,0.05141231457020931,0.004907539118065434,0.017242336321027025
5,2447.8,177.0,126.6,18.505000000000003,10.999999999999998,23.776014699692634,2015-07-01,0.00755984966092001,0.07230982923441458,0.051719911757496524,0.004493831195359097,0.009713217868981385
2,1594.5,111.0,56.0,22.9875,22.9875,10.977832777921149,2015-08-01,0.014416745061147696,0.06961429915333961,0.035120727500783946,0.014416745061147696,0.006884812027545406
6,3157.0,217.0,150.0,26.162500000000026,21.125000000000007,17.423323090042313,2015-09-01,0.008287139689578723,0.06873614190687362,0.04751346214760849,0.0066914792524548645,0.005518949347495189
8,1883.875,138.875,89.125,21.509375,19.2,13.7754889561911,2015-10-01,0.011417623249950234,0.07371773604936634,0.047309402163094684,0.010191759007365138,0.007312315815110398
9,2111.8888888888887,175.66666666666666,96.0,31.79444444444444,22.950000000000053,19.427958983840192,2015-11-01,0.01505497974430473,0.08317988109643816,0.04545693691797759,0.010867048981954043,0.009199328187223747
6,2450.3333333333335,150.83333333333334,125.0,12.375000000000007,9.7375,17.304630883090233,2015-12-01,0.005050333287988032,0.06155625085022446,0.05101346755543463,0.003973949122568358,0.007062153808906366
4,2891.0,174.75,116.25,24.02500000000005,6.925000000000001,36.73582493062243,2016-01-01,0.008310273261847129,0.06044621238325839,0.040210999654098925,0.0023953649256312696,0.012706961235082127
5,1738.4,116.4,82.4,11.429999999999998,9.05,12.817314948927487,2016-02-01,0.006575011504832028,0.06695812241141279,0.04739990796134377,0.005205936493327197,0.00737305277779998
5,3131.8,178.0,155.8,12.820000000000004,11.775,10.010609996398824,2016-03-01,0.0040934925601890295,0.05683632415863082,0.04974774889839709,0.003759818634650999,0.0031964397459604134
3,2781.0,183.0,107.66666666666667,38.03333333333334,43.87500000000002,26.352660365384992,2016-04-01,0.013676135682608176,0.06580366774541532,0.03871509049502577,0.01577669902912622,0.009475965611429339
3,2980.3333333333335,257.3333333333333,120.66666666666667,45.55833333333337,60.17500000000006,41.85982809727407,2016-05-01,0.01528632144055476,0.08634380941729113,0.04048764120344481,0.020190694553181992,0.01404535111193627
7,2244.1428571428573,155.14285714285714,120.42857142857143,14.024999999999997,14.299999999999995,21.0480749317683,2016-06-01,0.0062496021389012646,0.06913234451588261,0.053663504997135396,0.006372143357311093,0.009379115444800948
3,2842.0,188.66666666666666,129.0,30.85833333333332,26.375,25.250301153319583,2016-07-01,0.01085796387520525,0.06638517475955899,0.045390570021111895,0.009280436312456017,0.008884694283363682
2,2852.0,162.0,166.5,-5.087499999999998,-5.087499999999998,1.5379572490807434,2016-08-01,-0.0017838359046283303,0.056802244039270686,0.05838008415147265,-0.0017838359046283303,0.0005392556974336408
7,2521.4285714285716,178.28571428571428,146.57142857142858,9.667857142857144,14.175,35.8176187856785,2016-09-01,0.003834277620396601,0.07070821529745042,0.05813031161473088,0.005621813031161473,0.014205287903668526
7,2324.1428571428573,164.57142857142858,100.85714285714286,24.28571428571429,21.149999999999988,13.188503967651606,2016-10-01,0.01044932079414838,0.07080951502858196,0.043395414592169154,0.009100129079845098,0.0056745668310013665
10,2356.8,157.2,104.4,23.302499999999988,13.575000000000003,26.79381782447417,2016-11-01,0.00988734725050916,0.06670061099796333,0.04429735234215886,0.005759928716904277,0.01136872786170832
5,2659.4,217.2,134.4,31.565000000000015,49.47500000000003,39.45700428947944,2016-12-01,0.011869218620741527,0.08167255771978642,0.050537715274121986,0.01860382041061895,0.014836806907377395
5,2144.8,163.0,107.8,19.26999999999996,21.349999999999994,17.10363082798498,2017-01-01,0.008984520701230864,0.07599776202909361,0.05026109660574412,0.009954308093994774,0.007974464205513324
4,3617.25,261.25,124.5,50.78124999999992,32.924999999999976,54.100798573126326,2017-02-01,0.014038634321653167,0.07222337411016656,0.034418411776902344,0.009102218536180793,0.01495633383734227
9,2427.6666666666665,187.44444444444446,87.33333333333333,44.66944444444445,36.32500000000002,26.089143389114525,2017-03-01,0.01840015561352923,0.0772117717057989,0.03597418646162296,0.01496292736509681,0.010746592086687297
6,2362.8333333333335,178.16666666666666,122.16666666666667,13.150000000000018,13.900000000000002,41.505873078396974,2017-04-01,0.005565352331240749,0.07540382309374338,0.05170346335614023,0.005882767863440785,0.017566145056809045
6,3374.0,247.83333333333334,124.33333333333333,49.66666666666665,52.625,29.414055597055395,2017-05-01,0.014720410985971146,0.07345386287295001,0.0368504248172298,0.015597213989330172,0.008717858801735446
8,2091.25,135.875,95.875,16.15,9.274999999999999,19.073921051679807,2017-06-01,0.007722653915122534,0.06497310221159594,0.04584578601315003,0.0044351464435146435,0.009120822977491838
8,2442.375,165.75,104.875,26.97812500000001,44.80000000000001,28.912449238730076,2017-07-01,0.01104585700394084,0.06786427145708583,0.04293976150263575,0.018342801576334514,0.011837841952497088
2,2795.0,248.0,182.5,9.275000000000002,9.275000000000002,29.34493141924172,2017-08-01,0.003318425760286226,0.0887298747763864,0.06529516994633273,0.003318425760286226,0.010499081008673245
7,3426.714285714286,239.14285714285714,148.71428571428572,41.17142857142858,43.87499999999996,24.689249636614075,2017-09-01,0.012014841372410058,0.06978780172593488,0.04339850752490933,0.012803810397298524,0.007204933816496374
7,1728.4285714285713,132.14285714285714,83.71428571428571,21.928571428571413,12.499999999999998,34.96179888038341,2017-10-01,0.012686998925531026,0.07645259938837921,0.048433754855773205,0.007232002644846681,0.020227505757722447
7,2047.2857142857142,155.71428571428572,73.28571428571429,39.47857142857144,31.00000000000001,25.76035563844274,2017-11-01,0.019283371711674,0.07605889330821297,0.035796525015700235,0.015141999860442403,0.012582687144588597
3,2088.3333333333335,148.66666666666666,72.66666666666667,39.64999999999998,41.95000000000002,30.415292206388504,2017-12-01,0.018986432561851545,0.07118914604948123,0.034796488427773345,0.020087789305666407,0.014564385733306545
4,2482.0,210.5,77.75,53.61874999999995,26.687500000000018,71.12182440186685,2018-01-01,0.021603041901692162,0.08481063658340049,0.031325543916196616,0.010752417405318298,0.028655046092613556
4,973.25,97.0,53.5,20.056250000000002,23.987500000000004,11.429974755731818,2018-02-01,0.02060750064217827,0.09966606730028256,0.05497045979964038,0.02464680195222194,0.011744130239642249
5,2255.0,179.0,79.2,41.05,47.39999999999996,30.030229561227145,2018-03-01,0.0182039911308204,0.07937915742793791,0.0351219512195122,0.02101995565410198,0.013317174971719355
4,1876.0,189.5,127.0,22.3375,33.8625,36.807905061277275,2018-04-01,0.011906982942430703,0.10101279317697229,0.06769722814498934,0.018050373134328355,0.019620418476160594
9,2233.222222222222,179.33333333333334,86.77777777777777,39.074999999999996,34.225,28.66506748204162,2018-05-01,0.017497139161152295,0.08030250261207025,0.038857654609682074,0.015325389322851884,0.012835743436906044
4,2013.5,151.75,87.25,28.66249999999999,21.425000000000022,30.01781068521373,2018-06-01,0.014235162652098331,0.07536627762602434,0.04333250558728582,0.010640675440774782,0.01490827448980071
2,1345.0,100.0,63.0,9.87499999999999,9.87499999999999,15.662415203282022,2018-07-01,0.00734200743494423,0.07434944237918216,0.04684014869888476,0.00734200743494423,0.011644918366752433
3,2994.6666666666665,199.0,138.33333333333334,29.324999999999978,9.5,36.06183058304164,2018-08-01,0.009792408726625105,0.06645146927871773,0.04619323241317899,0.0031723063223508463,0.012042018226750325
4,1992.0,134.0,85.75,28.968749999999982,18.824999999999996,28.07355943914721,2018-09-01,0.014542545180722883,0.06726907630522089,0.04304718875502008,0.009450301204819276,0.014093152328889162
7,1983.142857142857,149.57142857142858,83.14285714285714,28.682142857142857,31.350000000000005,22.554968568873182,2018-10-01,0.014462973634922922,0.07542140901887337,0.041924794698170294,0.01580824088748019,0.011373345337999732
7,2209.714285714286,180.85714285714286,127.57142857142857,22.428571428571427,9.324999999999996,31.496522389290025,2018-11-01,0.010149987070080165,0.08184639255236617,0.05773209206102922,0.004220002585983965,0.014253662834563627
8,1995.0,156.25,86.25,32.2375,36.16250000000001,17.44273794858069,2018-12-01,0.016159147869674186,0.07832080200501253,0.043233082706766915,0.018126566416040105,0.008743227041895082
6,2203.3333333333335,172.0,75.0,39.662500000000044,25.037500000000033,51.556194462935366,2019-01-01,0.018001134644478084,0.07806354009077156,0.0340393343419062,0.011363464447806369,0.02339918054293587
11,1357.3636363636363,122.27272727272727,45.09090909090909,35.975,34.55,16.568901593044718,2019-02-01,0.026503583149152774,0.09008103944812806,0.03321947625745095,0.025453753934766593,0.012206678556258248
12,1941.0,157.83333333333334,90.0,31.306249999999995,27.987499999999997,30.05769853926399,2019-03-01,0.01612892838742916,0.08131547312381934,0.04636785162287481,0.014419113858835651,0.015485676733263261
6,1560.6666666666667,136.33333333333334,49.833333333333336,36.308333333333344,41.02500000000002,20.56800711461047,2019-04-01,0.023264630499786422,0.08735583084152072,0.03193079880392995,0.02628684322938916,0.013178987899152372
13,2197.153846153846,157.0,87.46153846153847,30.89423076923076,21.399999999999988,33.221955832837025,2019-05-01,0.014061023001785522,0.07145607954346532,0.03980674298918181,0.009739873262612464,0.015120450436819708
8,1485.625,112.25,64.25,22.75312499999999,20.525,13.780145120918402,2019-06-01,0.015315523769457292,0.07555742532604123,0.0432477913336138,0.013815734118636937,0.00927565510873767
7,2269.4285714285716,166.57142857142858,116.0,23.30714285714285,6.1,30.69987009434279,2019-07-01,0.01027004909983633,0.0733979604683369,0.05111418859373033,0.0026879012967392668,0.013527577153493611
3,1666.0,172.33333333333334,61.333333333333336,52.55833333333334,40.575,22.86571305105822,2019-08-01,0.03154761904761905,0.10344137655062026,0.03681472589035614,0.024354741896758705,0.013724917797754033
7,2401.4285714285716,182.0,108.85714285714286,28.52857142857142,24.15000000000001,19.239647803924253,2019-09-01,0.011879833432480662,0.0757882212968471,0.04533016061867936,0.010056513979773947,0.008011751018885769
14,1548.2142857142858,119.21428571428571,59.42857142857143,26.937499999999996,17.5375,22.762584748289818,2019-10-01,0.017399077277970007,0.07700115340253748,0.038385236447520184,0.011327566320645906,0.014702476884708533
8,2359.5,166.125,99.25,27.431250000000006,26.725,23.297258997266493,2019-11-01,0.011625874125874128,0.07040686586141132,0.042063996609451156,0.011326552235643146,0.009873811823380586
3,2515.6666666666665,158.0,105.66666666666667,28.53333333333332,17.59999999999999,31.172797970880513,2019-12-01,0.011342255200742012,0.06280641314429575,0.042003445077514245,0.006996157413541802,0.012391466001410036
6,2593.1666666666665,222.66666666666666,90.16666666666667,55.24583333333329,48.81249999999999,52.63069545585217,2020-01-01,0.021304389742271338,0.08586670094479079,0.034770872164020826,0.018823510508387428,0.0202959170084911
8,1904.125,201.75,62.25,56.678125000000016,47.33750000000002,40.10629946400479,2020-02-01,0.029765968620757574,0.105954178428412,0.03269218144817173,0.024860500229764337,0.021062850109107748
6,1301.0,82.83333333333333,66.16666666666667,6.42083333333333,4.575,6.770938204316055,2020-03-01,0.004935306174737379,0.06366897258519087,0.050858314117345635,0.0035165257494235206,0.005204410610542702
3,2319.0,165.0,142.66666666666666,0.6666666666666655,2.75,9.64524926237437,2020-04-01,0.0002874802357337928,0.07115135834411385,0.06152077044703176,0.0011858559724018973,0.00415922779748787
5,553.0,46.4,36.0,3.3850000000000007,4.249999999999998,7.022232550976934,2020-05-01,0.00612115732368897,0.08390596745027125,0.0650994575045208,0.00768535262206148,0.012698431376088488
5,2010.8,157.4,113.6,15.814999999999987,4.9,25.776379691492718,2020-06-01,0.007865028844241092,0.07827730256614283,0.05649492739208275,0.00243684105828526,0.012818967421669344
4,2396.5,168.25,139.25,9.087499999999991,3.937499999999998,17.54214567833706,2020-07-01,0.0037919883162945926,0.07020655122052993,0.058105570623826416,0.001643021072397245,0.007319902223382875
7,1943.7142857142858,169.57142857142858,72.57142857142857,43.77500000000001,42.34999999999998,29.15062177724519,2020-08-01,0.022521314126120837,0.087240923122152,0.0373364692047626,0.021788181684550923,0.014997380011812165
6,2706.8333333333335,228.66666666666666,121.33333333333333,51.31249999999997,37.44999999999999,39.77113510449502,2020-09-01,0.018956652915460857,0.08447755680068961,0.04482482605750877,0.013835354965827223,0.014692864394247284
11,1444.8181818181818,131.36363636363637,77.36363636363636,23.172727272727276,15.22500000000001,17.16983712264569,2020-10-01,0.01603850751903354,0.0909205310514063,0.05354558610709117,0.010537658088466628,0.011883735502995192
6,2492.3333333333335,180.16666666666666,110.0,36.02083333333331,43.724999999999994,30.023758994613992,2020-11-01,0.014452654808078095,0.07228835094289153,0.04413534840176541,0.01754380098970175,0.012046446032344787
7,2049.0,184.42857142857142,105.42857142857143,33.00714285714284,25.849999999999994,35.93044413135173,2020-12-01,0.01610890329777591,0.09000906365474447,0.05145367078017151,0.012615910200097606,0.017535599868888106
7,2319.285714285714,184.42857142857142,101.14285714285714,38.25714285714283,29.375000000000007,47.13066878876413,2021-01-01,0.016495226362796416,0.07951955651370496,0.043609485679088386,0.012665537419156148,0.020321199970517335
7,1744.142857142857,149.0,109.14285714285714,12.303571428571429,9.7,21.40819755652137,2021-02-01,0.0070542222950282585,0.08542878204603162,0.06257678761569334,0.005561471045949709,0.012274337201707723
12,1900.3333333333333,149.5,94.33333333333333,23.920833333333317,19.950000000000003,28.208410321724717,2021-03-01,0.012587703911594448,0.07867040870022804,0.04964041396246272,0.010498158217856518,0.014843927550460297
3,3014.6666666666665,212.33333333333334,133.33333333333334,38.749999999999964,30.399999999999952,35.176305945906236,2021-04-01,0.012853825740822633,0.07043343653250775,0.04422821760283061,0.010084033613445363,0.011668389853794639
9,1683.4444444444443,125.0,75.11111111111111,22.411111111111115,20.65,13.191753526772374,2021-05-01,0.01331265263018943,0.07425252458583592,0.04461751699557785,0.012266517061580093,0.007836168024615627
6,2463.0,195.16666666666666,113.33333333333333,38.0833333333333,32.7,35.13244108607687,2021-06-01,0.015462173501150344,0.07923940993368521,0.04601434564893761,0.013276492082825823,0.014264084890814805
4,2276.5,178.25,109.25,37.82499999999993,19.900000000000006,45.69008827597791,2021-07-01,0.01661541840544693,0.07830002196354052,0.04799033604217,0.008741489128047444,0.020070322106733103
5,1510.2,105.0,64.4,20.074999999999996,19.549999999999983,7.072702807272477,2021-08-01,0.013292941332273867,0.06952721493841875,0.042643358495563506,0.012945305257581766,0.004683288840731345
6,2007.0,175.33333333333334,93.0,38.87916666666667,33.18749999999999,33.803633002484624,2021-09-01,0.019371782095997343,0.08736090350440126,0.04633781763826607,0.01653587443946188,0.016842866468602204
10,1809.0,132.4,90.2,20.670000000000005,23.337500000000002,20.36502243772122,2021-10-01,0.011426202321724713,0.07318960751796573,0.049861802100608074,0.012900773908236596,0.011257613287850314
12,1699.5,135.33333333333334,72.58333333333333,29.10208333333333,25.512500000000014,22.413324107277766,2021-11-01,0.01712390899284103,0.07963126409728352,0.04270863979601843,0.01501176816710798,0.013188187176980152
4,3304.75,264.0,173.0,41.88749999999996,46.44999999999991,54.90194478947591,2021-12-01,0.012674937589832805,0.07988501399500719,0.052348891746728195,0.014055526136621503,0.016613040257046952
4,2295.75,168.75,81.75,38.10624999999996,3.625,69.1461989043263,2022-01-01,0.016598606120004338,0.07350539039529566,0.035609278013721005,0.0015790046825656103,0.030119219821115668
4,1233.0,94.25,43.75,25.000000000000004,24.275000000000006,21.42455756058142,2022-02-01,0.020275750202757504,0.07643957826439578,0.03548256285482563,0.01968775344687754,0.017375959092117938
5,2038.8,122.2,105.4,11.27500000000001,10.624999999999991,16.408277255702405,2022-03-01,0.0055302138512850745,0.059937217971355705,0.05169707671179125,0.005211398862075727,0.008048007286493235
1,2480.0,157.0,111.0,24.375000000000007,24.375000000000007,,2022-04-01,0.009828629032258068,0.06330645161290323,0.044758064516129036,0.009828629032258068,
7,1645.857142857143,114.57142857142857,85.71428571428571,12.828571428571435,17.474999999999998,19.255688707990878,2022-05-01,0.007794462286259876,0.0696120128461071,0.05207881260307264,0.010617567919451435,0.011699489710609854
6,1614.1666666666667,107.33333333333333,79.33333333333333,15.7875,15.587499999999999,8.616274571994557,2022-06-01,0.0097805885389778,0.0664945792462571,0.049148167268972635,0.00965668559628291,0.005337908872686354
5,2123.2,142.0,115.8,13.015,17.674999999999997,8.524791053157845,2022-07-01,0.006129898266767145,0.06688018085908064,0.05454031650339111,0.008324698568198945,0.004015067376204712
5,1205.6,100.6,59.0,14.105000000000013,13.65,26.195559022475543,2022-08-01,0.011699568679495698,0.08344392833443928,0.048938287989382885,0.011322163238221633,0.021728234092962463
8,1897.625,135.0,86.875,21.259375000000002,13.96249999999999,23.4190510722574,2022-09-01,0.01120314867268296,0.07114155852710626,0.04578091034846189,0.0073578815624794095,0.012341242907454001
7,1514.4285714285713,98.57142857142857,75.14285714285714,10.867857142857138,11.799999999999994,11.753684832547497,2022-10-01,0.007176209791529099,0.06508819922648806,0.04961796056975757,0.007791717762475234,0.007761135159686113
8,1842.75,113.875,98.75,11.475000000000001,15.725000000000001,25.342803289522422,2022-11-01,0.0062271062271062275,0.06179622846289513,0.05358838692172026,0.008533441866775201,0.013752708337822505
2,2729.5,143.5,151.0,8.337499999999997,8.337499999999997,9.669685232726035,2022-12-01,0.003054588752518775,0.052573731452647,0.05532148745191427,0.003054588752518775,0.0035426580812332057
6,1335.8333333333333,92.83333333333333,58.333333333333336,17.88333333333333,22.7625,25.326688821610034,2023-01-01,0.013387398627573297,0.0694946974422957,0.04366812227074236,0.01703992514036182,0.01895946761443047
10,1723.4,124.2,82.1,18.957500000000003,19.75,14.785315772752373,2023-02-01,0.011000058024834631,0.07206684460949286,0.04763838923059069,0.011459904839271208,0.008579155026547738
8,2045.875,151.5,86.125,27.671874999999982,9.0,42.6128992825864,2023-03-01,0.013525691941100986,0.07405144498075396,0.04209690230341541,0.004399095741430928,0.020828691529338986
7,1403.142857142857,124.57142857142857,50.42857142857143,30.960714285714307,22.000000000000007,24.12475326792165,2023-04-01,0.02206526165750358,0.08878028914681328,0.03593972714314804,0.01567908776216657,0.01719336926037992
13,1620.6153846153845,136.46153846153845,93.84615384615384,16.032692307692322,12.200000000000005,28.67820452999285,2023-05-01,0.009892965635086397,0.0842035314220619,0.05790772735902791,0.007528004556673631,0.017695873309754466
7,1574.0,124.0,82.42857142857143,14.182142857142866,8.674999999999995,16.751142462815018,2023-06-01,0.009010255944817577,0.07878017789072427,0.05236885097113814,0.005511435832274457,0.010642403089463163
3,2335.0,140.0,110.66666666666667,11.758333333333328,4.85,13.08530505312479,2023-07-01,0.0050356887937187695,0.059957173447537475,0.04739471805852962,0.002077087794432548,0.005603985033458154
4,815.75,56.5,40.75,9.818750000000001,9.7375,8.777987976561983,2023-08-01,0.01203646950658903,0.0692614158749617,0.04995403003371131,0.011936867912963531,0.010760634969735805
8,1218.875,98.5,50.75,25.699999999999996,21.999999999999993,18.97135528707876,2023-09-01,0.021085016921341397,0.08081222438724234,0.0416367552045944,0.01804943082760742,0.015564643861822387
14,1413.0,131.35714285714286,52.357142857142854,31.426785714285717,23.85,25.370530042607644,2023-10-01,0.022241178849459108,0.0929632999696694,0.03705388737235871,0.016878980891719745,0.017955081417273634
15,1781.8666666666666,126.66666666666667,107.0,8.371666666666666,6.975000000000008,22.44329136693086,2023-11-01,0.004698256510026938,0.07108650104759055,0.06004938641125412,0.003914434301107457,0.012595382015263504
4,1807.5,119.75,72.25,25.575000000000003,27.849999999999994,14.6009988242814,2023-12-01,0.014149377593360997,0.06625172890733057,0.03997233748271092,0.015408022130013828,0.008078007648288464
3,1788.6666666666667,112.0,78.0,19.27500000000002,5.300000000000001,26.266863630818236,2024-01-01,0.010776183376817006,0.06261647409616102,0.04360790160268356,0.0029631010063361912,0.014685164161843962
