File,Word Count,Positive,Negative,sentiment_score_economic,Year,Month
20000202,793,50,22,11.449999999999989,2000,02
20000321,792,55,22,13.699999999999989,2000,03
20000516,742,55,37,6.700000000000001,2000,05
20000628,615,58,25,19.44999999999998,2000,06
20000822,605,58,25,18.849999999999984,2000,08
20001003,675,58,37,19.149999999999984,2000,10
20001115,621,48,28,11.049999999999986,2000,11
20001219,522,32,47,-6.149999999999997,2000,12
20010103,952,53,41,10.249999999999995,2001,01
20010131,1001,70,46,16.44999999999999,2001,01
20010320,908,62,58,8.749999999999995,2001,03
20010418,1106,69,71,4.750000000000004,2001,04
20010515,999,62,60,9.899999999999999,2001,05
20010627,824,54,35,10.899999999999999,2001,06
20010821,788,43,35,3.6499999999999995,2001,08
20010917,750,33,43,-1.8499999999999979,2001,09
20011002,713,41,41,3.0999999999999996,2001,10
20011106,669,57,47,9.5,2001,11
20011211,774,58,52,9.700000000000001,2001,12
20020507,770,97,18,37.90000000000001,2002,05
20020626,820,82,18,29.400000000000002,2002,06
20020813,872,47,32,4.5,2002,08
20020924,1083,83,34,17.999999999999993,2002,09
20021106,1099,82,33,28.050000000000004,2002,11
20021210,754,60,23,20.599999999999994,2002,12
20030129,743,75,21,25.75,2003,01
20030318,956,80,39,28.2,2003,03
20030506,922,65,58,4.699999999999999,2003,05
20030625,1312,73,45,21.800000000000008,2003,06
20030812,749,45,39,4.899999999999998,2003,08
20030916,889,54,47,5.849999999999997,2003,09
20031028,889,54,47,5.849999999999997,2003,10
20031209,853,54,35,9.149999999999995,2003,12
20040128,852,64,40,13.299999999999999,2004,01
20040316,847,69,40,10.799999999999999,2004,03
20040504,844,63,30,16.4,2004,05
20040630,1259,69,18,23.40000000000001,2004,06
20040810,1332,69,23,25.90000000000001,2004,08
20040921,1266,49,23,14.900000000000002,2004,09
20041110,736,32,20,9.199999999999998,2004,11
20041214,1523,73,28,23.05000000000002,2004,12
20050202,1243,54,35,14.000000000000007,2005,02
20050322,844,40,28,10.200000000000001,2005,03
20050503,824,40,24,10.600000000000001,2005,05
20050630,784,44,24,13.800000000000004,2005,06
20050809,816,40,32,9.200000000000001,2005,08
20060131,163,8,4,2.7,2006,01
20060328,187,8,4,2.25,2006,03
20060510,215,14,3,4.25,2006,05
20060629,192,14,4,3.500000000000001,2006,06
20060808,146,11,4,2.3,2006,08
20060920,139,10,4,1.7999999999999998,2006,09
20061025,144,11,4,2.15,2006,10
20061212,150,11,4,2.15,2006,12
20070131,123,8,5,1.0,2007,01
20070321,115,10,5,0.5999999999999998,2007,03
20070509,116,10,5,0.5999999999999998,2007,05
20070618,122,10,6,0.4999999999999999,2007,06
20070807,142,10,8,-0.6500000000000001,2007,08
20070810,70,6,1,2.7,2007,08
20070817,88,4,6,-1.525,2007,08
20070918,176,8,7,-0.3500000000000001,2007,09
20071031,202,13,12,0.8249999999999998,2007,10
20071211,195,10,9,0.17499999999999982,2007,12
20080122,166,5,11,-2.6750000000000003,2008,01
20080130,170,8,9,-1.2499999999999998,2008,01
20080311,282,15,4,4.65,2008,03
20080318,196,12,11,-0.4,2008,03
20080430,206,11,10,-0.20000000000000034,2008,04
20080625,167,11,7,0.7499999999999998,2008,06
20080805,165,10,8,0.5499999999999996,2008,08
20080916,150,7,9,-1.625,2008,09
20081008,299,11,16,-3.575,2008,10
20081029,204,10,10,0.2500000000000001,2008,10
20081216,273,14,7,4.3500000000000005,2008,12
20090128,309,27,11,8.7,2009,01
20090318,279,18,9,4.775,2009,03
20090429,280,18,10,4.749999999999999,2009,04
20090624,247,20,10,5.249999999999999,2009,06
20090812,269,22,10,6.199999999999998,2009,08
20090923,277,25,12,7.499999999999999,2009,09
20091104,306,31,12,11.250000000000002,2009,11
20091216,380,31,12,10.9,2009,12
20100127,362,25,12,8.900000000000002,2010,01
20100316,295,24,14,7.800000000000001,2010,03
20100428,272,24,14,8.150000000000002,2010,04
20100509,203,7,3,2.4000000000000004,2010,05
20100623,245,22,15,6.8500000000000005,2010,06
20100810,301,26,14,8.850000000000005,2010,08
20100921,277,27,14,9.700000000000001,2010,09
20101103,324,31,17,8.45,2010,11
20101214,318,30,17,7.500000000000001,2010,12
20110126,379,36,14,11.750000000000002,2011,01
20110315,388,39,10,14.100000000000001,2011,03
20110427,387,39,8,14.600000000000001,2011,04
20110622,385,35,12,9.75,2011,06
20110809,421,32,15,7.6499999999999995,2011,08
20110921,474,47,17,14.375,2011,09
20111102,406,32,12,8.875,2011,11
20111213,375,33,9,10.624999999999998,2011,12
20120125,367,30,12,10.174999999999999,2012,01
20120313,375,29,11,9.724999999999998,2012,03
20120425,380,31,11,10.424999999999999,2012,04
20120620,417,42,15,15.075000000000001,2012,06
20120801,391,34,14,11.475,2012,08
20120913,462,40,12,15.775000000000002,2012,09
20121024,457,39,10,15.475000000000003,2012,10
20121212,551,45,17,16.925000000000004,2012,12
20130130,527,39,21,11.225000000000001,2013,01
20130320,528,37,21,10.55,2013,03
20130501,539,37,19,11.15,2013,05
20130619,551,43,18,14.1,2013,06
20130731,556,42,19,13.05,2013,07
20130918,614,49,23,15.350000000000001,2013,09
20131030,604,48,22,14.750000000000002,2013,10
20131218,667,53,25,15.850000000000001,2013,12
20140129,647,52,23,16.3,2014,01
20140319,678,54,21,19.099999999999998,2014,03
20140430,635,51,19,18.399999999999995,2014,04
20140618,632,51,19,18.949999999999992,2014,06
20140730,654,53,19,19.099999999999994,2014,07
20140917,688,55,20,20.399999999999995,2014,09
20140917,197,11,1,3.9000000000000004,2014,09
20141029,583,42,17,14.949999999999998,2014,10
20141217,582,45,22,14.2,2014,12
20150128,485,36,17,10.4,2015,01
20150318,489,32,17,9.249999999999998,2015,03
20150429,487,34,14,10.599999999999998,2015,04
20150617,470,31,13,10.35,2015,06
20150729,468,32,13,10.999999999999998,2015,07
20150917,494,32,17,9.799999999999999,2015,09
20151028,485,32,14,10.549999999999999,2015,10
20151216,485,32,13,8.95,2015,12
20160127,471,27,15,5.850000000000001,2016,01
20160127,275,22,6,8.0,2016,01
20160316,482,28,13,8.2,2016,03
20160427,486,30,11,9.25,2016,04
20160615,457,27,13,6.9,2016,06
20160727,477,29,13,8.15,2016,07
20160921,494,31,14,9.0,2016,09
20161102,490,31,13,9.749999999999996,2016,11
20161214,460,28,13,7.949999999999999,2016,12
20170201,439,29,11,9.149999999999999,2017,02
20170315,455,30,8,10.949999999999998,2017,03
20170503,454,30,9,10.249999999999998,2017,05
20170614,467,29,7,10.249999999999996,2017,06
20170614,418,19,3,5.35,2017,06
20170726,440,27,7,9.449999999999998,2017,07
20170920,457,29,16,5.75,2017,09
20171101,445,27,18,4.200000000000001,2017,11
20171213,426,29,10,8.15,2017,12
20180131,387,27,6,9.149999999999997,2018,01
20180131,182,14,5,4.199999999999999,2018,01
20180321,404,27,6,9.349999999999996,2018,03
20180502,390,27,6,9.449999999999998,2018,05
20180613,324,25,5,9.4,2018,06
20180801,319,25,5,9.5,2018,08
20180926,306,22,5,7.8999999999999995,2018,09
20181108,312,23,5,8.35,2018,11
20181219,329,23,5,8.35,2018,12
20190130,245,20,6,7.2,2019,01
20190130,94,9,6,2.6499999999999995,2019,01
20190130,141,9,1,3.2,2019,01
20190320,256,18,6,5.750000000000001,2019,03
20190320,366,30,14,9.400000000000002,2019,03
20190501,239,18,5,6.000000000000001,2019,05
20190619,257,20,9,6.2,2019,06
20190731,287,20,8,6.1,2019,07
20190918,280,21,8,6.8,2019,09
20191011,476,48,13,15.749999999999996,2019,10
20191030,256,16,8,4.3,2019,10
20191211,238,15,6,4.300000000000001,2019,12
20200129,237,14,6,3.750000000000001,2020,01
20200303,113,5,3,1.35,2020,03
20200315,471,37,10,12.6,2020,03
20200319,159,4,2,1.2,2020,03
20200323,428,41,4,15.924999999999999,2020,03
20200331,185,16,1,7.800000000000001,2020,03
20200429,294,21,13,2.75,2020,04
20200610,296,22,12,3.5999999999999996,2020,06
20200729,306,21,11,3.95,2020,07
20200827,387,45,12,16.1,2020,08
20200916,363,29,12,9.15,2020,09
20201105,318,25,12,6.449999999999998,2020,11
20201216,328,25,12,7.449999999999998,2020,12
20210127,336,27,15,6.199999999999999,2021,01
20210127,80,9,3,3.3,2021,01
20210317,334,26,14,6.799999999999998,2021,03
20210428,333,29,14,8.499999999999995,2021,04
20210616,327,29,12,9.599999999999998,2021,06
20210728,333,31,11,11.949999999999996,2021,07
20210922,345,32,11,12.499999999999998,2021,09
20211103,408,32,13,11.249999999999998,2021,11
20211215,344,27,13,7.249999999999999,2021,12
20220126,288,22,14,3.4000000000000004,2022,01
20220126,76,8,3,3.3499999999999996,2022,01
20220126,159,9,1,3.85,2022,01
20220316,246,18,13,3.5000000000000004,2022,03
20220504,267,19,16,1.6,2022,05
20220504,226,17,4,5.3500000000000005,2022,05
20220615,265,18,15,1.8499999999999994,2022,06
20220727,228,15,13,1.1999999999999995,2022,07
20220921,227,15,13,1.1999999999999995,2022,09
20221102,273,17,15,1.4999999999999998,2022,11
20221214,274,17,15,1.4999999999999998,2022,12
20230201,247,18,11,3.75,2023,02
20230201,82,8,3,3.25,2023,02
20230322,264,21,9,5.1000000000000005,2023,03
20230503,246,20,8,4.85,2023,05
20230614,252,22,8,5.55,2023,06
20230726,248,20,8,4.85,2023,07
20230920,252,22,8,5.8500000000000005,2023,09
20231101,256,22,8,5.95,2023,11
20231213,260,22,8,5.95,2023,12
20240131,246,19,9,5.300000000000001,2024,01
20240131,82,7,3,2.95,2024,01
20060206,312,45,7,21.099999999999998,2006,02
20060224,2678,248,110,73.77499999999992,2006,02
20060308,2028,184,77,48.00000000000005,2006,03
20060320,2322,166,122,28.874999999999964,2006,03
20060405,364,45,4,18.45,2006,04
20060420,1973,252,42,98.075,2006,04
20060503,1397,161,19,71.39999999999998,2006,05
20060516,1733,169,135,9.274999999999986,2006,05
20060518,2334,320,152,54.57500000000006,2006,05
20060605,911,95,41,31.92500000000001,2006,06
20060609,1892,213,45,84.17500000000004,2006,06
20060612,2013,249,159,25.69999999999999,2006,06
20060613,1831,185,40,71.40000000000002,2006,06
20060615,2215,146,107,21.275000000000006,2006,06
20060825,2447,196,82,61.47499999999999,2006,08
20060831,2510,204,68,65.24999999999996,2006,08
20060901,423,34,7,13.800000000000002,2006,09
20061004,2220,150,114,24.199999999999996,2006,10
20061016,2118,256,106,44.874999999999936,2006,10
20061101,2288,189,91,47.925000000000026,2006,11
20061110,2187,140,66,22.924999999999986,2006,11
20061128,2435,182,119,33.275,2006,11
20061201,117,5,0,2.55,2006,12
20061215,3429,289,92,102.92500000000003,2006,12
20070105,3258,301,152,42.775000000000055,2007,01
20070206,3988,228,153,47.79999999999985,2007,02
20070302,3693,216,89,59.47499999999996,2007,03
20070306,3390,286,152,57.77500000000009,2007,03
20070330,3184,287,122,58.79999999999998,2007,03
20070411,2445,262,191,13.249999999999961,2007,04
20070425,406,51,4,22.875000000000004,2007,04
20070501,3355,240,131,49.07499999999999,2007,05
20070515,2174,256,178,26.074999999999992,2007,05
20070517,2403,231,145,22.325000000000006,2007,05
20070522,587,104,14,53.75,2007,05
20070605,1233,105,79,7.899999999999999,2007,06
20070615,3179,259,107,65.85000000000002,2007,06
20070710,3380,285,92,79.47499999999997,2007,07
20070831,3993,262,195,25.074999999999992,2007,08
20070911,3976,231,160,27.550000000000022,2007,09
20070924,3945,315,82,116.05000000000001,2007,09
20071012,867,88,29,21.325000000000006,2007,10
20071015,2785,219,195,11.700000000000001,2007,10
20071019,1987,127,81,23.949999999999967,2007,10
20071106,1696,160,41,57.80000000000001,2007,11
20071114,2361,211,64,59.799999999999976,2007,11
20071129,1796,129,62,34.37500000000003,2007,11
20080110,2322,173,155,10.900000000000006,2008,01
20080304,2062,195,159,5.924999999999997,2008,03
20080314,2137,198,130,17.275000000000006,2008,03
20080409,438,66,4,29.600000000000005,2008,04
20080410,2076,246,129,38.14999999999998,2008,04
20080505,1975,144,159,-18.52499999999997,2008,05
20080513,2563,212,184,5.899999999999992,2008,05
20080515,1929,244,158,38.325000000000024,2008,05
20080603,1550,159,107,34.47499999999999,2008,06
20080604,2367,170,105,35.1,2008,06
20080609,2218,178,87,44.72499999999999,2008,06
20080612,497,40,11,13.7,2008,06
20080616,2307,280,110,74.27499999999993,2008,06
20080708,2426,256,144,33.150000000000006,2008,07
20080822,2372,260,171,21.400000000000013,2008,08
20080909,430,55,7,27.449999999999996,2008,09
20081007,1974,161,111,24.324999999999992,2008,10
20081014,345,49,21,14.075,2008,10
20081015,1811,181,100,35.57500000000001,2008,10
20081031,2172,199,99,41.19999999999997,2008,10
20081201,2422,220,150,27.425000000000008,2008,12
20081204,2578,204,171,-0.8999999999999896,2008,12
20081214,1086,93,38,26.450000000000003,2008,12
20090113,3178,262,200,31.700000000000014,2009,01
20090218,2397,193,95,37.60000000000002,2009,02
20090307,539,55,11,24.925000000000004,2009,03
20090310,2791,307,192,26.975000000000023,2009,03
20090320,2251,212,140,26.000000000000004,2009,03
20090403,2624,185,113,35.10000000000002,2009,04
20090414,2466,210,179,10.249999999999995,2009,04
20090417,2265,237,105,59.97499999999995,2009,04
20090507,2255,268,122,52.4250000000001,2009,05
20090511,2411,228,147,-8.049999999999986,2009,05
20090522,1459,172,80,50.975000000000016,2009,05
20090604,442,20,11,4.325000000000001,2009,06
20090617,1837,170,72,46.12499999999998,2009,06
20090626,391,40,8,16.399999999999995,2009,06
20090821,3691,271,265,-17.52500000000001,2009,08
20090925,398,42,8,16.049999999999997,2009,09
20091008,3290,187,159,11.174999999999995,2009,10
20091019,2519,199,208,-5.924999999999998,2009,10
20091023,2787,321,172,44.000000000000064,2009,10
20091116,2429,214,164,23.475000000000005,2009,11
20091207,2494,219,143,35.57500000000004,2009,12
20100103,4677,316,204,22.574999999999967,2010,01
20100203,385,65,21,20.39999999999999,2010,02
20100320,1820,205,138,28.650000000000006,2010,03
20100408,1317,110,89,-1.4999999999999984,2010,04
20100413,416,45,9,14.099999999999998,2010,04
20100421,281,26,4,8.15,2010,04
20100427,818,66,63,6.475000000000003,2010,04
20100506,2271,233,123,26.100000000000033,2010,05
20100508,2304,293,63,132.27500000000015,2010,05
20100525,2959,263,98,75.07499999999995,2010,05
20100530,967,123,66,23.22500000000001,2010,05
20100603,697,59,27,13.800000000000002,2010,06
20100609,545,87,7,30.499999999999996,2010,06
20100616,1684,217,117,24.80000000000001,2010,06
20100712,1215,107,39,32.925000000000004,2010,07
20100802,2283,179,131,20.07500000000001,2010,08
20100827,3174,281,173,75.39999999999996,2010,08
20100924,3993,352,323,-14.624999999999986,2010,09
20100930,408,49,13,17.525000000000002,2010,09
20101004,2372,219,177,11.550000000000017,2010,10
20101015,2879,212,180,18.725000000000016,2010,10
20101019,199,34,0,16.3,2010,10
20101025,893,114,58,16.949999999999992,2010,10
20101119,2810,335,185,63.49999999999995,2010,11
20101119,1042,69,45,10.925000000000002,2010,11
20110203,1830,134,81,24.974999999999987,2011,02
20110210,2769,164,149,5.4750000000000005,2011,02
20110218,1363,151,90,27.75000000000001,2011,02
20110302,1899,137,101,15.450000000000003,2011,03
20110323,1688,170,93,24.250000000000014,2011,03
20110404,2529,190,131,12.499999999999991,2011,04
20110429,1664,113,130,-7.8999999999999915,2011,04
20110505,2224,237,120,32.12500000000001,2011,05
20110512,338,39,6,18.175000000000004,2011,05
20110516,2639,262,58,105.95,2011,05
20110607,2719,182,150,21.325000000000006,2011,06
20110614,1297,110,97,9.550000000000006,2011,06
20110826,2050,213,169,31.049999999999997,2011,08
20110908,1619,145,160,-1.3999999999999952,2011,09
20110915,399,16,19,-1.2750000000000004,2011,09
20110928,3229,378,96,121.17500000000001,2011,09
20111018,2470,222,121,37.55,2011,10
20111109,726,87,18,36.250000000000014,2011,11
20111110,1337,110,77,11.975000000000003,2011,11
20120216,2340,259,87,71.47499999999991,2012,02
20120314,868,74,38,17.999999999999996,2012,03
20120323,435,36,14,8.474999999999998,2012,03
20120326,2976,227,294,-79.4250000000001,2012,03
20120409,2298,227,129,24.45,2012,04
20120413,3109,243,281,-54.17499999999995,2012,04
20120510,1971,166,110,15.74999999999999,2012,05
20120724,737,64,15,26.124999999999982,2012,07
20120806,1080,119,36,41.42500000000001,2012,08
20120807,741,75,10,29.374999999999996,2012,08
20120831,4772,279,224,32.27499999999999,2012,08
20121001,2494,209,116,46.975000000000016,2012,10
20121014,1127,106,73,18.575000000000014,2012,10
20121115,2367,210,164,17.500000000000007,2012,11
20121120,3044,217,255,-6.899999999999991,2012,11
20130301,3491,222,185,26.875000000000007,2013,03
20130325,1632,130,87,11.000000000000005,2013,03
20130408,2634,221,215,-23.54999999999996,2013,04
20130412,2320,287,75,99.07500000000002,2013,04
20130510,2754,245,197,1.7749999999999813,2013,05
20130518,1590,171,51,62.49999999999992,2013,05
20130602,895,112,33,39.87499999999998,2013,06
20130710,4637,369,140,89.72500000000011,2013,07
20131002,679,62,22,18.450000000000003,2013,10
20131014,838,68,37,13.55,2013,10
20131108,1576,122,139,-21.44999999999999,2013,11
20131113,675,67,21,22.249999999999993,2013,11
20131114,346,56,13,19.524999999999984,2013,11
20131119,3906,233,158,40.624999999999986,2013,11
20131216,761,67,43,10.175000000000004,2013,12
20131216,431,45,28,9.924999999999999,2013,12
20140103,4629,369,263,47.82499999999994,2014,01
20060118,1522,139,54,39.67499999999998,2006,01
20060202,1639,167,137,11.724999999999968,2006,02
20060329,2294,265,203,5.349999999999978,2006,03
20060331,2224,231,131,19.075000000000003,2006,03
20060410,2404,260,139,34.750000000000036,2006,04
20060428,2291,284,198,11.374999999999943,2006,04
20060504,2442,266,136,44.8,2006,05
20060516,1916,212,104,30.949999999999974,2006,05
20060606,2015,240,158,24.12500000000003,2006,06
20060612,2134,262,174,15.474999999999946,2006,06
20060614,2246,195,128,22.574999999999985,2006,06
20060704,2333,259,115,49.000000000000036,2006,07
20061011,1769,200,134,17.974999999999984,2006,10
20061017,1970,236,164,19.049999999999983,2006,10
20061102,1592,110,72,22.449999999999996,2006,11
20061130,1733,190,74,32.15,2006,11
20070111,1950,190,163,5.575000000000004,2007,01
20070118,2393,200,84,41.799999999999976,2007,01
20070226,2367,247,128,34.45000000000004,2007,02
20190211,1109,116,53,25.525000000000038,2019,02
20190325,952,94,36,31.92499999999999,2019,03
20190328,1556,144,65,37.8,2019,03
20190402,1267,144,26,54.62500000000001,2019,04
20190411,1994,168,58,42.475,2019,04
20190625,662,71,26,18.79999999999999,2019,06
20190904,467,43,6,17.149999999999995,2019,09
20191001,2155,161,54,48.700000000000024,2019,10
20191017,499,56,8,23.249999999999993,2019,10
20191021,520,68,11,26.724999999999998,2019,10
20200116,1090,80,55,16.700000000000006,2020,01
20200210,1986,275,49,94.72500000000007,2020,02
20200227,2406,315,24,130.95000000000007,2020,02
20200819,351,47,7,19.674999999999997,2020,08
20200826,1327,120,93,10.62500000000001,2020,08
20200930,2194,170,110,27.15000000000001,2020,09
20201001,620,45,37,5.275000000000001,2020,10
20201119,1989,143,150,-6.299999999999989,2020,11
20201204,1195,178,42,56.17499999999999,2020,12
20210216,1173,170,45,48.90000000000001,2021,02
20210222,601,92,36,26.94999999999999,2021,02
20210322,1648,109,122,-3.749999999999993,2021,03
20210505,979,112,69,21.625,2021,05
20210623,1317,146,46,47.874999999999986,2021,06
20210803,762,54,24,10.250000000000005,2021,08
20210909,1240,218,40,76.20000000000006,2021,09
20210928,2198,201,72,53.27499999999999,2021,09
20211013,2104,165,115,33.65000000000002,2021,10
20211019,1176,92,62,8.499999999999996,2021,10
20211022,1443,101,64,12.374999999999995,2021,10
20211108,1329,82,98,-4.025000000000006,2021,11
20211129,1397,140,24,51.17500000000002,2021,11
20220221,899,80,33,26.500000000000007,2022,02
20220318,272,37,10,14.249999999999998,2022,03
20220623,845,65,38,19.374999999999996,2022,06
20220806,1355,96,79,7.999999999999996,2022,08
20220817,1259,137,38,38.025000000000034,2022,08
20220817,1822,103,125,-26.074999999999974,2022,08
20220928,2402,210,43,58.10000000000002,2022,09
20220930,2133,265,114,53.22500000000002,2022,09
20221012,2377,117,97,13.624999999999991,2022,10
20221020,776,66,57,-0.1000000000000012,2022,10
20221117,994,122,16,51.050000000000004,2022,11
20230110,1091,104,58,22.625,2023,01
20230213,1854,196,67,48.400000000000034,2023,02
20230215,1511,180,93,23.55000000000001,2023,02
20230303,709,65,29,8.925,2023,03
20230314,3120,456,137,124.57499999999982,2023,03
20230414,3159,287,129,48.25000000000002,2023,04
20230418,2508,217,63,73.85000000000007,2023,04
20230420,313,36,11,11.475000000000005,2023,04
20230512,3395,362,204,38.45000000000003,2023,05
20230519,1968,246,110,36.12500000000005,2023,05
20230531,384,44,20,12.200000000000005,2023,05
20230622,662,62,28,12.499999999999998,2023,06
20230625,3299,350,195,37.75000000000007,2023,06
20230805,391,28,14,9.8,2023,08
20230807,637,40,26,9.674999999999999,2023,08
20230822,504,60,20,20.65000000000001,2023,08
20230922,690,65,22,18.79999999999999,2023,09
20230926,599,65,37,17.624999999999996,2023,09
20230927,985,127,26,46.57500000000001,2023,09
20231002,1333,119,50,21.92500000000002,2023,10
20231004,2921,276,88,65.17500000000005,2023,10
20231007,1670,169,71,39.800000000000054,2023,10
20231011,2062,213,151,15.049999999999997,2023,10
20231017,2195,237,62,88.37499999999999,2023,10
20231018,459,59,16,17.250000000000007,2023,10
20231107,2930,274,154,32.575000000000024,2023,11
20231109,3686,342,240,17.875000000000103,2023,11
20231128,2479,183,131,28.47500000000001,2023,11
20231205,1432,124,28,40.65000000000001,2023,12
20141202,426,51,20,7.199999999999999,2014,12
20141203,2736,254,217,3.8250000000000086,2014,12
20150402,3053,215,154,27.700000000000014,2015,04
20150602,2084,142,132,6.0249999999999995,2015,06
20150701,1098,81,63,2.2000000000000006,2015,07
20150709,2615,284,190,5.924999999999993,2015,07
20150930,3076,217,77,59.22500000000013,2015,09
20151012,2653,201,172,15.550000000000004,2015,10
20151019,1342,131,59,19.124999999999996,2015,10
20151106,1943,122,103,16.225000000000005,2015,11
20151201,2814,182,199,-9.099999999999993,2015,12
20160226,2530,174,104,26.75,2016,02
20160307,2901,205,162,11.775,2016,03
20160414,1831,185,59,60.97499999999999,2016,04
20160603,2147,148,118,14.299999999999997,2016,06
20160912,2870,188,151,14.175,2016,09
20161007,1505,165,60,51.50000000000003,2016,10
20161117,2922,241,87,45.82500000000001,2016,11
20161202,2086,246,83,66.42500000000001,2016,12
20170117,2404,156,113,16.725,2017,01
20170301,2452,212,123,40.925,2017,03
20170428,4484,318,103,77.90000000000003,2017,04
20170522,4256,349,201,58.10000000000009,2017,05
20170530,2639,201,154,27.749999999999996,2017,05
20170711,3110,214,95,46.02500000000004,2017,07
20170713,3097,214,94,46.125000000000036,2017,07
20170728,1049,106,35,43.57499999999998,2017,07
20170905,2444,174,135,17.725000000000005,2017,09
20170926,3884,309,163,69.85000000000007,2017,09
20170927,2144,220,95,64.55000000000004,2017,09
20171012,2552,143,144,-0.5749999999999997,2017,10
20171115,1006,134,24,56.12500000000003,2017,11
20171116,4470,302,107,75.9500000000001,2017,11
20171213,906,115,18,41.950000000000024,2017,12
20180306,1437,90,66,10.150000000000002,2018,03
20180403,2448,205,251,-31.200000000000014,2018,04
20180417,999,154,21,52.82500000000002,2018,04
20180419,1582,209,111,32.62499999999999,2018,04
20180515,2126,178,81,47.62499999999997,2018,05
20180518,2523,262,73,83.8000000000001,2018,05
20180531,2387,154,126,20.475000000000005,2018,05
20180912,2642,163,136,20.299999999999994,2018,09
20181003,1723,176,44,56.574999999999974,2018,10
20181015,675,80,18,31.350000000000005,2018,10
20181017,3370,229,116,48.55000000000004,2018,10
20181113,2702,251,133,56.49999999999998,2018,11
20181203,2760,182,48,47.17499999999997,2018,12
20181203,912,88,31,26.124999999999996,2018,12
20181207,2691,247,224,7.749999999999999,2018,12
20190201,851,107,17,42.25000000000001,2019,02
20190223,850,58,23,21.800000000000004,2019,02
20190307,2671,179,155,14.399999999999993,2019,03
20190312,2304,252,32,87.77500000000002,2019,03
20190508,1031,99,28,31.950000000000003,2019,05
20190510,4542,285,146,94.62500000000006,2019,05
20190516,2486,191,156,19.874999999999996,2019,05
20190621,1211,118,49,32.09999999999998,2019,06
20190711,555,50,37,9.925,2019,07
20190805,1760,205,22,78.92500000000003,2019,08
20191016,2675,231,79,57.67500000000002,2019,10
20191108,1958,107,112,-14.700000000000015,2019,11
20191126,2745,206,132,34.85000000000001,2019,11
20191218,1709,104,57,17.59999999999999,2019,12
20200108,2706,239,44,80.92499999999998,2020,01
20200205,2598,227,61,60.775000000000006,2020,02
20200221,2405,186,124,25.974999999999987,2020,02
20200505,212,33,9,10.550000000000004,2020,05
20200521,262,20,12,0.8500000000000001,2020,05
20200714,2148,183,154,3.9249999999999954,2020,07
20200806,1854,226,39,69.85000000000004,2020,08
20200813,1004,124,30,42.34999999999998,2020,08
20200901,2183,196,122,37.52499999999998,2020,09
20200921,2622,252,60,79.10000000000001,2020,09
20201001,730,88,11,34.52500000000002,2020,10
20201015,1567,145,60,33.90000000000002,2020,10
20201020,1647,173,61,58.800000000000026,2020,10
20201021,2939,253,144,43.47499999999998,2020,10
20201110,2209,178,74,49.94999999999999,2020,11
20201117,1463,111,39,37.50000000000001,2020,11
20201201,773,107,54,21.999999999999986,2020,12
20201217,739,75,9,25.849999999999994,2020,12
20201218,2989,178,211,-24.649999999999956,2020,12
20210112,2178,200,101,40.77499999999998,2021,01
20210113,2473,191,125,29.375000000000007,2021,01
20210218,2440,195,173,9.69999999999998,2021,02
20210224,3502,206,201,-18.649999999999977,2021,02
20210301,2616,227,191,4.425000000000004,2021,03
20210302,1620,141,87,23.725000000000005,2021,03
20210323,2289,155,179,-12.62500000000001,2021,03
20210323,1943,153,81,30.75000000000001,2021,03
20210511,1946,149,100,20.650000000000002,2021,05
20210524,2228,188,78,47.15000000000003,2021,05
20210601,2439,157,144,3.974999999999999,2021,06
20210730,971,72,67,6.5,2021,07
20210927,2309,154,145,2.0,2021,09
20211007,2214,116,157,-26.174999999999972,2021,10
20211013,2861,209,104,48.999999999999986,2021,10
20220218,1858,151,34,51.849999999999994,2022,02
20220405,2480,157,111,24.375000000000007,2022,04
20220525,1190,152,74,36.124999999999986,2022,05
20220708,1994,208,143,18.12500000000001,2022,07
20220719,726,63,12,21.15,2022,07
20220829,709,105,9,36.925,2022,08
20220907,1635,90,92,2.0000000000000027,2022,09
20220930,1440,68,74,-0.3000000000000056,2022,09
20221010,1676,82,89,-0.3750000000000011,2022,10
20221128,1625,82,142,-33.625000000000014,2022,11
20230119,2042,77,116,-19.174999999999997,2023,01
20181025,1555,130,64,31.474999999999998,2018,10
20181127,1477,104,42,24.55,2018,11
20190110,1807,141,45,44.92500000000001,2019,01
20190222,3681,248,104,64.25,2019,02
20190228,631,51,20,14.875000000000005,2019,02
20190328,1439,75,115,-20.275,2019,03
20190409,3988,257,119,58.400000000000006,2019,04
20190411,540,42,17,10.725,2019,04
20190503,3408,279,92,47.8499999999999,2019,05
20190513,1332,85,36,22.45,2019,05
20190517,394,46,6,16.425000000000004,2019,05
20190520,1839,107,58,21.399999999999988,2019,05
20190530,2983,212,84,51.20000000000002,2019,05
20190605,636,61,18,18.09999999999999,2019,06
20190701,4255,276,122,66.45000000000002,2019,07
20190926,3840,239,102,63.25,2019,09
20191001,312,33,5,14.45,2019,10
20191018,751,53,26,13.149999999999997,2019,10
20191101,1623,111,67,18.25,2019,11
20191112,4135,260,207,15.72500000000002,2019,11
20191114,3153,222,88,61.974999999999994,2019,11
20200109,636,42,16,12.35,2020,01
20200221,1287,117,38,22.324999999999996,2020,02
20200225,621,50,16,17.599999999999994,2020,02
20200521,1080,82,64,8.500000000000002,2020,05
20200616,1464,116,73,19.2,2020,06
20200831,5218,344,177,82.70000000000012,2020,08
20201014,949,74,42,13.499999999999998,2020,10
20201019,1167,109,48,17.874999999999996,2020,10
20201116,2804,203,65,69.27499999999993,2020,11
20210108,911,65,43,11.500000000000004,2021,01
20210113,2106,158,95,37.024999999999984,2021,01
20210224,903,62,41,9.7,2021,02
20210325,988,62,36,12.750000000000002,2021,03
20210414,2881,178,115,30.399999999999952,2021,04
20210512,1016,69,36,17.549999999999994,2021,05
20210517,3080,148,77,30.775000000000002,2021,05
20210804,1746,104,63,23.44999999999999,2021,08
20211012,1066,61,32,16.574999999999996,2021,10
20211108,1437,77,50,18.424999999999997,2021,11
20211119,2612,212,91,52.775,2021,11
20211130,2875,211,110,26.07500000000002,2021,11
20221006,1407,104,113,-0.39999999999999786,2022,10
20221130,1885,129,80,28.6,2022,11
20230106,1320,78,80,-1.8750000000000004,2023,01
20230121,1558,146,39,53.425000000000004,2023,01
20230216,689,65,10,27.150000000000006,2023,02
20230331,1450,88,80,8.275000000000004,2023,03
20230404,255,26,3,12.199999999999998,2023,04
20230421,1321,104,54,22.000000000000007,2023,04
20230505,760,105,26,40.65000000000003,2023,05
20230513,1063,133,22,58.60000000000001,2023,05
20230515,1063,112,37,40.699999999999996,2023,05
20230922,2159,177,63,60.199999999999974,2023,09
20230928,286,52,4,25.199999999999996,2023,09
20231018,1196,131,35,41.15000000000002,2023,10
20231106,1669,125,139,-3.6250000000000075,2023,11
20231108,1623,108,157,-21.500000000000007,2023,11
20231113,719,73,16,26.675000000000015,2023,11
20231116,1769,114,100,6.725000000000001,2023,11
20090211,2565,196,198,-11.874999999999984,2009,02
20090216,3006,267,183,22.650000000000002,2009,02
20090224,1922,164,69,40.7,2009,02
20090330,3437,197,138,18.374999999999993,2009,03
20090610,1736,202,84,44.42499999999999,2009,06
20090616,3869,219,246,-16.875000000000053,2009,06
20090709,1624,163,83,37.475000000000016,2009,07
20090914,2236,235,128,25.974999999999998,2009,09
20091209,1759,195,81,47.574999999999974,2009,12
20091210,2179,218,140,33.22499999999997,2009,12
20100104,1942,181,100,37.449999999999996,2010,01
20100218,2480,158,169,-10.574999999999992,2010,02
20100331,2492,227,105,44.35000000000001,2010,03
20100408,618,87,10,32.525,2010,04
20100419,2339,224,112,44.77499999999998,2010,04
20100501,1636,169,52,54.499999999999986,2010,05
20100608,2420,195,151,-1.775,2010,06
20100630,2454,194,109,31.149999999999988,2010,06
20100712,1666,183,50,50.27499999999999,2010,07
20100715,359,35,3,9.849999999999998,2010,07
20100901,1880,222,107,39.27499999999998,2010,09
20100924,340,32,3,7.9499999999999975,2010,09
20101019,2318,119,34,36.37499999999999,2010,10
20101202,2523,188,112,16.25,2010,12
20110107,2423,226,153,49.20000000000001,2011,01
20110202,2228,165,85,40.925,2011,02
20110324,2213,246,124,74.79999999999995,2011,03
20110414,2483,155,61,51.225,2011,04
20110428,728,110,42,30.575,2011,04
20110510,2206,286,74,87.90000000000003,2011,05
20110524,1616,141,37,45.37500000000003,2011,05
20110901,2318,161,137,9.399999999999995,2011,09
20111022,1865,168,57,51.399999999999956,2011,10
20120106,2706,234,197,20.6,2012,01
20120113,2569,260,165,12.650000000000011,2012,01
20120116,2422,173,91,42.275,2012,01
20120327,1814,204,60,63.04999999999997,2012,03
20120515,2493,214,179,12.375000000000007,2012,05
20120720,1666,142,93,24.924999999999994,2012,07
20121005,3894,220,138,36.09999999999998,2012,10
20121109,2894,208,88,35.575000000000045,2012,11
20130205,3377,311,142,66.54999999999998,2013,02
20130308,3673,293,204,41.975,2013,03
20130509,2351,209,117,33.175000000000004,2013,05
20060223,1554,196,93,34.000000000000014,2006,02
20060224,1811,156,40,61.624999999999986,2006,02
20060303,2239,163,119,27.425000000000022,2006,03
20060310,995,165,28,60.60000000000005,2006,03
20060331,1512,180,121,31.5,2006,03
20060417,2273,182,174,-7.29999999999996,2006,04
20140710,4049,326,230,7.099999999999984,2014,07
20140811,3432,322,254,30.575000000000003,2014,08
20141011,4208,245,146,47.84999999999997,2014,10
20150227,1243,65,46,13.649999999999995,2015,02
20150323,3399,200,152,9.799999999999995,2015,03
20150327,2356,183,117,16.599999999999987,2015,03
20150330,2021,161,151,-11.52499999999996,2015,03
20150521,1768,128,114,3.2250000000000068,2015,05
20150526,3365,182,117,29.74999999999999,2015,05
20150601,1954,142,173,-34.974999999999966,2015,06
20150624,926,80,89,-15.525000000000004,2015,06
20150630,2174,179,83,45.374999999999986,2015,06
20150829,1598,92,61,15.225000000000003,2015,08
20151002,3114,221,123,27.299999999999976,2015,10
20151011,712,45,36,5.724999999999998,2015,10
20151104,3821,273,141,62.14999999999988,2015,11
20151112,1810,95,56,14.175000000000004,2015,11
20151119,2376,206,77,53.675000000000004,2015,11
20151203,2570,154,141,0.7250000000000058,2015,12
20160103,3114,169,150,3.2000000000000046,2016,01
20160201,968,61,48,9.05,2016,02
20160210,1990,173,139,-5.625000000000009,2016,02
20160223,1131,61,47,5.825000000000006,2016,02
20160307,4052,211,162,14.125000000000002,2016,03
20160519,3519,258,90,78.15000000000005,2016,05
20160622,1381,129,113,-22.849999999999998,2016,06
20160821,1454,85,96,-6.175,2016,08
20160927,1114,93,36,29.27499999999999,2016,09
20161005,2319,132,99,15.324999999999996,2016,10
20161009,929,59,43,14.199999999999998,2016,10
20161017,3726,214,166,21.149999999999988,2016,10
20161104,516,32,20,6.950000000000001,2016,11
20161111,2529,180,109,33.724999999999966,2016,11
20161115,2264,145,108,1.5249999999999928,2016,11
20161121,741,36,51,-2.774999999999997,2016,11
20170211,2803,193,57,47.54999999999997,2017,02
20170303,1851,125,40,26.649999999999984,2017,03
20170417,2246,134,76,21.274999999999988,2017,04
20170419,978,68,33,16.725000000000005,2017,04
20170505,2871,256,44,47.14999999999991,2017,05
20170620,2645,166,143,2.150000000000003,2017,06
20170627,1737,129,133,-2.074999999999996,2017,06
20170706,2112,169,72,51.22500000000001,2017,07
20170731,2593,136,151,-14.474999999999998,2017,07
20170928,3767,251,113,58.52499999999998,2017,09
20221004,890,80,39,11.799999999999994,2022,10
20221117,773,78,36,20.575000000000014,2022,11
20230224,1604,117,106,4.125000000000005,2023,02
20230227,2720,171,132,19.8,2023,02
20230327,3403,202,96,48.550000000000026,2023,03
20230512,1220,81,62,8.950000000000006,2023,05
20230518,902,55,52,1.2999999999999998,2023,05
20230531,1140,106,106,-3.2250000000000014,2023,05
20231009,1300,72,73,0.45000000000000184,2023,10
20231019,534,44,12,14.450000000000003,2023,10
20231108,923,53,48,6.975000000000008,2023,11
20231114,2259,103,244,-50.3750000000001,2023,11
20060316,2687,252,156,47.67499999999993,2006,03
20060413,1781,186,73,55.000000000000036,2006,04
20060427,1624,128,95,16.825,2006,04
20060511,1672,175,63,59.39999999999999,2006,05
20060518,2162,220,237,-36.149999999999956,2006,05
20060616,2193,156,86,33.550000000000004,2006,06
20060706,2296,232,148,33.425000000000026,2006,07
20060911,1820,147,45,38.124999999999986,2006,09
20061004,2144,172,138,14.450000000000003,2006,10
20061103,1664,144,24,46.07500000000001,2006,11
20061201,2314,174,132,23.924999999999994,2006,12
20070108,1509,135,89,25.449999999999992,2007,01
20070221,1885,211,161,1.1249999999999918,2007,02
20070309,1218,103,51,23.27499999999999,2007,03
20070322,1756,151,170,-8.450000000000019,2007,03
20070516,1318,123,137,-5.600000000000022,2007,05
20070921,1274,140,50,45.80000000000002,2007,09
20071004,1438,122,87,19.64999999999999,2007,10
20071012,1703,151,56,17.84999999999995,2007,10
20071128,1123,86,91,-3.5750000000000024,2007,11
20080104,1154,110,35,30.350000000000005,2008,01
20080105,1484,123,72,27.149999999999995,2008,01
20080226,2268,176,178,-1.249999999999997,2008,02
20080307,1025,66,40,15.700000000000001,2008,03
20080407,554,69,4,31.600000000000005,2008,04
20080417,2485,212,182,14.124999999999996,2008,04
20080520,2129,155,152,11.950000000000006,2008,05
20080529,2268,190,152,14.325000000000001,2008,05
20080611,2715,205,139,21.124999999999993,2008,06
20080626,2374,150,87,23.099999999999994,2008,06
20080911,1096,108,84,9.849999999999993,2008,09
20081015,1797,159,125,14.250000000000005,2008,10
20081112,1838,182,142,27.34999999999999,2008,11
20081119,3105,206,178,7.200000000000007,2008,11
20081208,650,65,24,16.65,2008,12
20090403,2931,268,239,19.174999999999997,2009,04
20090418,2378,194,131,27.000000000000007,2009,04
20090420,2432,249,208,28.575,2009,04
20090523,2024,150,81,37.22500000000001,2009,05
20090710,851,73,96,-13.349999999999998,2009,07
20090910,1177,80,55,10.775000000000002,2009,09
20090930,746,65,32,19.700000000000006,2009,09
20091009,2492,133,115,5.750000000000005,2009,10
20091013,2086,190,137,29.525000000000002,2009,10
20091023,1225,105,87,-5.200000000000008,2009,10
20091116,2778,273,201,30.825000000000014,2009,11
20100103,1748,134,129,14.100000000000007,2010,01
20100129,1703,141,134,-1.074999999999996,2010,01
20100324,2656,194,172,11.425000000000006,2010,03
20100408,2084,238,148,52.624999999999986,2010,04
20100511,1363,149,122,10.350000000000003,2010,05
20100513,3500,263,230,20.425000000000015,2010,05
20060403,1863,168,121,21.14999999999999,2006,04
20060406,2832,195,95,44.67500000000002,2006,04
20060524,2662,247,68,84.12499999999997,2006,05
20060615,2603,200,114,48.27499999999998,2006,06
20060616,2603,200,114,48.27499999999998,2006,06
20060927,3259,279,80,93.75000000000007,2006,09
20061116,3165,250,131,61.62499999999998,2006,11
20070305,1862,147,58,46.47499999999998,2007,03
20070309,1179,70,34,22.95,2007,03
20070312,2959,196,110,43.57499999999999,2007,03
20070322,2220,144,160,0.7749999999999865,2007,03
20070510,2215,243,69,68.12500000000007,2007,05
20070515,2582,246,108,59.69999999999995,2007,05
20070516,2586,201,116,44.17499999999998,2007,05
20070523,2150,224,74,60.775000000000055,2007,05
20070601,1637,125,90,10.749999999999996,2007,06
20070614,967,166,56,31.499999999999968,2007,06
20070712,2163,289,131,57.72500000000001,2007,07
20070801,1915,264,54,82.07499999999996,2007,08
20070906,2336,177,173,-28.449999999999996,2007,09
20071011,1991,234,85,53.724999999999994,2007,10
20071022,1167,115,49,24.799999999999997,2007,10
20071105,1962,190,131,18.025000000000016,2007,11
20071113,2127,304,107,64.72500000000005,2007,11
20071130,2006,260,119,42.00000000000005,2007,11
2007116,1830,116,120,1.5249999999999995,2007,11
20080204,2305,245,153,28.674999999999976,2008,02
20080225,1828,321,150,64.72500000000007,2008,02
20080303,2089,213,144,30.150000000000016,2008,03
20080311,2070,282,202,25.850000000000033,2008,03
20080327,2265,237,152,25.34999999999997,2008,03
20080404,2362,242,166,25.025000000000055,2008,04
20080421,1817,204,92,47.099999999999966,2008,04
20080507,1926,189,129,15.875000000000004,2008,05
20080514,2132,267,135,46.6,2008,05
20080522,2023,247,112,49.15000000000008,2008,05
20080606,2203,252,138,42.02500000000005,2008,06
20080611,2002,247,69,64.02499999999998,2008,06
20080717,2028,274,84,74.77499999999993,2008,07
20080901,1950,164,59,38.82499999999999,2008,09
20081020,2149,264,173,47.67500000000002,2008,10
20081203,2243,174,130,10.22500000000003,2008,12
20081204,1448,143,61,30.224999999999998,2008,12
20081208,2101,176,152,-4.0999999999999925,2008,12
20090821,4313,391,295,16.14999999999999,2009,08
20061012,1898,201,122,44.125000000000036,2006,10
20070117,2025,126,175,-23.350000000000023,2007,01
20070323,4270,312,149,62.399999999999935,2007,03
20070410,1789,157,141,10.400000000000016,2007,04
20070420,1568,150,87,36.35000000000001,2007,04
20070426,4114,341,173,71.79999999999988,2007,04
20070524,3398,210,119,20.424999999999997,2007,05
20070623,4118,341,173,71.79999999999988,2007,06
20070910,2034,139,104,20.050000000000008,2007,09
20070927,2884,150,104,20.625000000000004,2007,09
20070928,2313,227,193,3.050000000000001,2007,09
20071020,3333,158,107,20.724999999999984,2007,10
20071026,2865,205,236,-38.124999999999986,2007,10
20071105,2336,185,232,-31.575000000000006,2007,11
20071129,3024,253,118,55.84999999999992,2007,11
20080111,2915,181,205,-24.775000000000016,2008,01
20080215,2521,141,140,-0.22499999999999354,2008,02
20080225,3281,192,169,14.224999999999987,2008,02
20080227,727,67,19,23.775,2008,02
20080229,1735,151,143,-13.800000000000015,2008,02
20080304,2493,148,173,1.4250000000000018,2008,03
20080307,3614,154,118,15.750000000000004,2008,03
20080327,3761,211,148,41.67499999999994,2008,03
20080403,4003,347,152,92.37499999999991,2008,04
20080515,3539,238,220,-4.099999999999999,2008,05
20080702,2255,173,159,6.975,2008,07
20080728,4348,282,141,70.14999999999999,2008,07
20060313,1685,137,47,31.075000000000014,2006,03
20060410,1051,128,84,11.275000000000004,2006,04
20060413,756,70,40,14.65000000000001,2006,04
20060516,1442,181,102,23.850000000000005,2006,05
20060525,1139,158,28,65.82500000000003,2006,05
20060612,1789,185,118,16.249999999999993,2006,06
20130221,1624,83,94,-3.999999999999995,2013,02
20130304,2764,255,213,-23.124999999999964,2013,03
20130627,2411,138,113,17.375000000000018,2013,06
20130702,1092,122,54,24.625000000000004,2013,07
20131003,1904,209,101,43.174999999999976,2013,10
20131011,791,53,26,16.499999999999993,2013,10
20131104,3021,216,150,31.824999999999996,2013,11
20131121,2339,234,124,29.499999999999993,2013,11
20140606,662,31,19,4.800000000000002,2014,06
20140904,2035,127,85,20.3,2014,09
20140923,799,64,18,22.724999999999998,2014,09
20140930,501,39,27,4.225,2014,09
20141020,268,30,9,8.25,2014,10
20141106,2146,191,159,-1.675000000000002,2014,11
20141114,1173,68,59,0.3249999999999993,2014,11
20150120,952,115,55,25.625000000000014,2015,01
20150204,529,56,15,8.85,2015,02
20150209,2540,200,158,9.95,2015,02
20150218,3175,300,262,8.250000000000007,2015,02
20150408,1853,146,148,-10.200000000000003,2015,04
20150514,1780,170,56,44.450000000000024,2015,05
20150625,1914,182,82,44.50000000000005,2015,06
20150803,1591,130,51,30.749999999999996,2015,08
20151020,1004,91,39,19.275000000000002,2015,10
20151117,1898,179,91,35.2,2015,11
20151120,606,69,13,22.425000000000008,2015,11
20160226,2073,113,74,21.14999999999999,2016,02
20160526,2549,199,172,-1.6499999999999924,2016,05
20160621,506,32,19,4.6000000000000005,2016,06
20160628,2567,210,139,26.349999999999987,2016,06
20160929,2109,127,110,1.8250000000000002,2016,09
20161024,554,52,17,15.1,2016,10
20161118,2919,194,173,8.024999999999997,2016,11
20161129,2210,155,141,17.40000000000001,2016,11
20161130,2953,184,115,26.349999999999977,2016,11
20170107,1800,95,113,-7.774999999999995,2017,01
20170222,3424,269,166,18.299999999999986,2017,02
20170303,1949,230,54,81.12500000000006,2017,03
20170328,3051,189,112,23.625000000000004,2017,03
20170405,470,33,6,11.075000000000001,2017,04
20170420,856,96,65,3.9999999999999996,2017,04
20170601,2703,166,101,24.2,2017,06
20170623,2663,214,146,23.875000000000007,2017,06
20170626,564,67,36,8.299999999999999,2017,06
20170706,2231,173,186,-14.924999999999999,2017,07
20170830,1106,152,72,30.025000000000002,2017,08
20171005,817,66,23,12.499999999999998,2017,10
20171012,2671,180,177,-1.8750000000000178,2017,10
20171018,1874,246,29,98.99999999999991,2017,10
20171102,1040,75,34,20.14999999999999,2017,11
20180213,399,65,17,28.899999999999995,2018,02
20180406,2475,190,125,35.1,2018,04
20180508,1619,77,60,3.399999999999999,2018,05
20180525,1243,159,72,34.225,2018,05
20180620,1213,101,82,2.6999999999999953,2018,06
20180824,3201,215,185,7.525000000000007,2018,08
20180927,280,41,10,17.349999999999998,2018,09
20181002,2794,172,190,-12.049999999999999,2018,10
20181128,2540,206,249,-17.9,2018,11
20181203,653,98,27,37.02500000000001,2018,12
20181206,880,101,29,35.3,2018,12
20190206,513,72,5,33.050000000000004,2019,02
20190212,2134,169,59,53.09999999999997,2019,02
20190228,1777,174,81,54.52499999999997,2019,02
20190308,2659,211,101,50.20000000000001,2019,03
20190311,371,53,12,17.2,2019,03
20190509,500,32,16,7.6000000000000005,2019,05
20190520,2175,152,161,-8.975000000000016,2019,05
20190604,2075,170,89,39.17499999999999,2019,06
20190625,782,79,29,22.250000000000004,2019,06
20190709,455,41,36,3.2499999999999996,2019,07
20190716,1461,119,93,5.324999999999998,2019,07
20190823,2514,219,150,38.17499999999999,2019,08
20191004,491,38,16,12.700000000000003,2019,10
20191007,463,44,19,5.400000000000005,2019,10
20191008,2643,173,99,38.62499999999998,2019,10
20191009,391,35,11,13.000000000000002,2019,10
20191125,1583,138,68,38.49999999999998,2019,11
20200409,496,61,30,9.100000000000001,2020,04
20200513,932,68,77,-7.225,2020,05
20200521,279,29,18,4.249999999999998,2020,05
20200619,296,39,22,4.9,2020,06
20200827,3465,281,150,65.12499999999994,2020,08
20201006,1323,135,138,4.674999999999998,2020,10
20210210,1975,154,121,12.200000000000001,2021,02
20210318,570,56,14,16.175000000000004,2021,03
20210503,790,75,35,17.325000000000003,2021,05
20210817,327,48,12,17.749999999999996,2021,08
20210827,2458,183,155,19.549999999999986,2021,08
20210924,237,35,7,13.100000000000001,2021,09
20211108,468,40,31,0.7749999999999984,2021,11
20211109,580,75,36,21.124999999999996,2021,11
20211129,301,55,5,24.950000000000006,2021,11
20220321,1729,120,109,10.624999999999993,2022,03
20220524,417,59,5,20.7,2022,05
20220617,596,47,15,13.874999999999998,2022,06
20220826,883,62,44,13.649999999999999,2022,08
20220928,293,26,8,8.0,2022,09
20221130,2080,110,131,-7.75,2022,11
20230110,811,76,13,29.399999999999995,2023,01
20230629,1017,90,95,-7.724999999999995,2023,06
20230825,1731,98,103,-0.8500000000000015,2023,08
20230928,387,35,23,6.05,2023,09
20231019,851,56,44,4.5249999999999995,2023,10
20231025,810,78,31,27.825000000000006,2023,10
20231108,491,52,13,19.474999999999994,2023,11
20231109,1485,97,88,3.7000000000000033,2023,11
20231201,978,90,49,24.949999999999992,2023,12
20171130,1888,193,73,62.274999999999956,2017,11
20180119,1573,201,73,44.22500000000004,2018,01
20180222,730,57,40,3.3500000000000014,2018,02
20180226,2300,175,136,22.625000000000007,2018,02
20180226,464,91,21,25.35,2018,02
20180305,2005,241,68,47.399999999999956,2018,03
20180326,2566,234,69,72.72500000000008,2018,03
20180504,2826,169,93,27.19999999999999,2018,05
20180516,1713,254,94,43.800000000000026,2018,05
20180627,1748,187,88,33.450000000000045,2018,06
20180718,1685,132,103,-1.2000000000000057,2018,07
20180719,1005,68,23,20.949999999999985,2018,07
20181004,2263,116,71,14.450000000000001,2018,10
20181018,1502,144,79,30.424999999999994,2018,10
20181109,1956,214,152,9.324999999999996,2018,11
20181116,974,99,78,4.174999999999997,2018,11
20181205,2110,149,59,39.02500000000004,2018,12
20190109,1956,213,69,42.875000000000064,2019,01
20190206,1041,141,41,38.150000000000006,2019,02
20190210,1348,148,60,34.55,2019,02
20190222,996,61,33,13.650000000000002,2019,02
20190328,2053,228,115,42.675000000000054,2019,03
20190329,2372,209,145,24.050000000000004,2019,03
20190402,1154,170,65,39.57500000000003,2019,04
20190410,421,37,14,12.049999999999999,2019,04
20190530,1469,113,113,-3.4000000000000035,2019,05
20190603,805,53,36,4.525,2019,06
20190709,1921,218,170,2.3749999999999996,2019,07
20190820,724,93,12,40.575,2019,08
20190905,1883,210,143,24.15000000000001,2019,09
20190926,1294,129,55,25.849999999999994,2019,09
20190927,2121,208,106,17.60000000000001,2019,09
20191003,1873,181,107,19.325000000000003,2019,10
20191101,3022,211,87,46.25000000000005,2019,11
20191114,657,74,33,18.599999999999994,2019,11
20200117,2417,341,109,81.85000000000001,2020,01
20200206,2529,210,128,33.90000000000003,2020,02
20200211,1401,234,58,67.17499999999997,2020,02
20200619,1441,144,124,-7.349999999999988,2020,06
20200707,1221,113,92,-5.975000000000006,2020,07
20200923,2467,219,140,37.374999999999986,2020,09
20201014,1364,109,76,15.22500000000001,2020,10
20201015,1916,177,141,14.349999999999996,2020,10
20201020,1671,137,93,13.3,2020,10
20201211,2831,328,136,72.7749999999999,2020,12
20210225,1615,164,147,-2.674999999999997,2021,02
20210322,1277,96,18,31.04999999999999,2021,03
20210330,1717,171,70,44.775000000000034,2021,03
20210526,1311,105,64,8.224999999999998,2021,05
20210526,2134,167,107,33.95000000000002,2021,05
20210603,2197,219,112,33.74999999999997,2021,06
20210628,2241,166,106,31.650000000000034,2021,06
20210711,978,97,46,27.850000000000016,2021,07
20211005,1326,82,34,21.0,2021,10
20211018,1796,187,118,25.675000000000004,2021,10
20211020,2120,168,126,33.974999999999994,2021,10
20211202,4627,460,253,91.57499999999999,2021,12
20101112,1912,200,152,6.025000000000006,2010,11
20110211,1829,203,138,20.774999999999995,2011,02
20110407,2037,283,161,46.07500000000003,2011,04
20110629,2068,199,113,32.34999999999999,2011,06
20110926,2378,168,140,19.44999999999999,2011,09
20111004,2349,214,156,20.450000000000003,2011,10
20120106,2763,239,137,37.17500000000002,2012,01
20120107,1512,158,126,-1.350000000000003,2012,01
20120301,1639,127,85,27.275000000000006,2012,03
20120411,2140,136,201,-30.17500000000005,2012,04
20120723,1966,211,104,38.65,2012,07
20130228,2627,273,186,9.74999999999999,2013,02
20130322,2913,263,123,49.94999999999995,2013,03
20130418,3370,281,273,17.62500000000002,2013,04
20130516,2052,145,135,10.20000000000001,2013,05
20130606,2232,230,146,15.274999999999974,2013,06
20130717,2568,287,185,33.50000000000003,2013,07
20121011,3664,251,115,59.80000000000002,2012,10
20121130,1112,87,25,26.29999999999999,2012,11
20121217,1144,99,54,14.875000000000007,2012,12
20130207,4063,270,205,34.09999999999997,2013,02
20130417,1873,160,111,19.675000000000015,2013,04
20130419,3132,285,155,39.24999999999997,2013,04
20130628,1039,81,53,13.675,2013,06
20130926,1825,125,65,23.72499999999998,2013,09
20131004,2962,195,197,10.325000000000005,2013,10
20131018,1404,108,106,-1.1500000000000021,2013,10
20131107,2991,193,198,9.525000000000006,2013,11
20140103,3308,292,149,60.02500000000001,2014,01
20140228,1738,132,78,26.424999999999994,2014,02
20140321,3288,213,230,-14.025000000000002,2014,03
20140324,522,47,7,17.925,2014,03
20140506,1977,140,78,28.649999999999988,2014,05
20090608,3413,354,282,-5.875000000000019,2009,06
20090615,1962,156,101,12.299999999999992,2009,06
20090825,1547,178,105,33.674999999999955,2009,08
20091008,1938,168,134,-10.15000000000002,2009,10
20091021,1971,189,173,-22.974999999999973,2009,10
20091102,1744,307,97,97.39999999999998,2009,11
20091109,1887,196,122,6.249999999999998,2009,11
20091110,1549,225,96,32.52500000000002,2009,11
20100226,1863,229,109,35.05000000000001,2010,02
20100318,1756,248,123,29.92500000000002,2010,03
20100326,1869,193,128,6.324999999999998,2010,03
20100408,1886,150,101,22.19999999999999,2010,04
20100413,1711,232,136,18.474999999999994,2010,04
20100917,1796,169,94,22.500000000000014,2010,09
20101112,2099,212,147,8.625,2010,11
20110331,2434,195,182,-22.274999999999967,2011,03
20110603,2556,220,182,-8.450000000000003,2011,06
20110915,2314,286,128,57.175000000000125,2011,09
20111020,3830,301,336,-41.12500000000008,2011,10
20111104,2331,245,104,47.20000000000002,2011,11
20111109,2513,200,175,-10.200000000000005,2011,11
20120410,2098,163,161,-23.175,2012,04
20120502,1988,176,155,-6.950000000000004,2012,05
20120612,2472,236,147,26.725000000000016,2012,06
20121010,6501,498,390,6.924999999999997,2012,10
20121128,3441,302,137,44.27500000000004,2012,11
20121204,2628,241,109,45.17500000000001,2012,12
20130222,2869,290,184,33.62500000000002,2013,02
20130503,3705,382,248,43.74999999999999,2013,05
20130920,4910,414,346,7.774999999999975,2013,09
20131018,3320,391,211,46.92500000000003,2013,10
20131122,3256,315,189,45.47500000000001,2013,11
20140225,3346,277,204,40.725,2014,02
20140327,3915,354,144,60.2250000000001,2014,03
20140409,3128,243,151,48.27500000000001,2014,04
20140508,2955,279,153,24.800000000000047,2014,05
20140609,3522,411,237,37.175000000000104,2014,06
20140625,2745,251,204,-2.2750000000000306,2014,06
20141020,2079,277,170,29.575000000000045,2014,10
20141107,3167,286,107,49.92500000000002,2014,11
20141120,4017,411,303,36.750000000000014,2014,11
20150130,2721,287,178,27.674999999999994,2015,01
20150430,2480,238,105,38.475000000000016,2015,04
20150504,214,24,8,3.65,2015,05
20150928,3046,273,188,16.37500000000001,2015,09
20151105,3507,364,199,50.65000000000004,2015,11
20151117,2672,239,171,22.950000000000053,2015,11
20151202,425,55,14,10.524999999999999,2015,12
20160520,2873,315,100,60.17500000000006,2016,05
20160712,1403,135,71,26.375,2016,07
20160926,4796,399,443,-63.29999999999996,2016,09
20161021,2916,269,136,29.375000000000014,2016,10
20161202,4045,361,322,-26.07499999999996,2016,12
20170404,5143,420,450,-52.074999999999925,2017,04
20210329,2061,173,71,37.87499999999992,2021,03
20210513,1667,112,110,4.450000000000002,2021,05
20210805,2258,136,68,29.374999999999996,2021,08
20211019,1984,143,90,32.12500000000001,2021,10
20211117,1768,184,68,49.725,2021,11
20211119,1750,128,78,27.524999999999974,2021,11
20211217,2124,148,156,-16.924999999999997,2021,12
20220218,32,1,2,-0.4,2022,02
20220224,2143,145,106,22.05,2022,02
20220324,2221,102,112,-8.275000000000006,2022,03
20220506,1377,82,42,17.474999999999998,2022,05
20220530,2816,180,188,-20.924999999999972,2022,05
20220603,1006,99,57,15.575000000000001,2022,06
20220618,1704,128,70,28.449999999999996,2022,06
20220714,2025,118,107,6.9249999999999945,2022,07
20220909,1803,124,79,27.925,2022,09
20221006,1707,120,76,24.525000000000002,2022,10
20221014,1768,121,55,26.999999999999993,2022,10
20221116,1751,85,83,13.050000000000006,2022,11
20230120,1193,76,44,22.9,2023,01
20230208,1857,98,74,19.7,2023,02
20230210,809,55,33,7.4500000000000055,2023,02
20230302,816,52,36,9.075,2023,03
20230331,1614,67,85,-8.324999999999996,2023,03
20230414,1160,83,52,9.350000000000001,2023,04
20230420,1106,119,41,39.600000000000044,2023,04
20230511,2033,119,213,-54.749999999999936,2023,05
20230524,1401,72,75,4.525000000000005,2023,05
20230616,656,55,38,8.674999999999995,2023,06
20230622,431,29,12,6.425000000000001,2023,06
20230713,2125,127,104,3.5749999999999984,2023,07
20231010,2630,246,40,62.8499999999999,2023,10
20231018,1353,92,51,25.77499999999998,2023,10
20231026,468,47,9,15.375,2023,10
20231107,330,17,15,2.5500000000000007,2023,11
20231128,1449,68,44,10.85,2023,11
20060718,2286,197,107,47.42500000000002,2006,07
20061121,2018,207,90,42.32500000000008,2006,11
20070305,2804,268,175,55.100000000000065,2007,03
20070605,2223,249,110,65.30000000000003,2007,06
20070921,1730,171,94,32.425000000000004,2007,09
20071005,1624,136,83,20.850000000000005,2007,10
20071107,1905,172,128,22.700000000000024,2007,11
20080414,1823,177,128,30.05000000000001,2008,04
20080521,2534,227,142,33.399999999999984,2008,05
20080728,340,29,16,8.575000000000001,2008,07
20081106,2064,182,148,6.925000000000002,2008,11
20090406,2108,203,210,-13.725000000000009,2009,04
20090616,2278,207,168,22.100000000000016,2009,06
20090925,1714,185,119,30.47500000000001,2009,09
20100203,1578,206,126,17.399999999999995,2010,02
20100326,1554,139,97,23.875000000000004,2010,03
20100628,1508,150,109,26.07500000000002,2010,06
20101108,1424,156,109,22.250000000000014,2010,11
20101011,4133,401,361,-2.125000000000056,2010,10
20101201,1407,137,100,20.75,2010,12
20110108,4054,271,216,16.425000000000008,2011,01
20110225,2203,138,73,36.24999999999997,2011,02
20110304,998,101,104,-7.000000000000008,2011,03
20110411,2913,228,169,37.524999999999956,2011,04
20110506,2466,275,124,50.62500000000002,2011,05
20110601,2308,211,145,13.549999999999997,2011,06
20110609,2719,215,151,11.299999999999992,2011,06
20111021,2657,198,176,14.625000000000012,2011,10
20111111,2265,239,150,21.12499999999999,2011,11
20111129,1986,213,127,35.425000000000026,2011,11
20120411,3888,339,272,4.350000000000007,2012,04
20120606,4359,336,276,15.900000000000018,2012,06
20121011,884,97,72,8.9,2012,10
20121113,4680,437,231,88.47499999999995,2012,11
20130104,4585,366,321,-16.249999999999968,2013,01
20130211,3300,254,237,2.874999999999991,2013,02
20130302,4102,289,229,28.325000000000006,2013,03
20130404,2792,192,105,46.249999999999964,2013,04
20130416,886,89,44,23.299999999999997,2013,04
20130602,1172,153,82,18.55,2013,06
20140305,453,58,17,21.200000000000006,2014,03
20140325,288,45,2,23.425,2014,03
20140331,2321,242,167,28.774999999999977,2014,03
20140415,665,78,38,19.0,2014,04
20140416,3329,177,152,12.499999999999998,2014,04
20140501,2025,160,77,19.325000000000006,2014,05
20140515,314,38,14,14.325000000000001,2014,05
20140521,487,74,36,20.699999999999996,2014,05
20140702,3105,292,230,21.37500000000001,2014,07
20140822,3579,276,235,7.499999999999968,2014,08
20140918,384,38,28,4.55,2014,09
20141017,4387,371,178,143.27500000000026,2014,10
20141030,502,61,38,16.500000000000004,2014,10
20141107,943,95,69,15.974999999999998,2014,11
20150303,2600,276,146,29.475000000000065,2015,03
20150327,4003,317,230,39.775000000000034,2015,03
20150402,767,76,21,27.275000000000002,2015,04
20150506,2081,156,136,-5.575000000000002,2015,05
20150522,2182,178,136,34.675000000000004,2015,05
20150710,2574,170,154,13.050000000000004,2015,07
20150924,6800,423,342,20.650000000000013,2015,09
20150930,676,71,23,21.599999999999998,2015,09
20151020,450,53,15,23.45,2015,10
20151112,374,34,13,8.700000000000001,2015,11
20151202,3339,189,156,22.974999999999987,2015,12
20160329,3146,168,196,1.4500000000000077,2016,03
20160606,3288,244,179,43.74999999999999,2016,06
20160826,4250,239,237,-3.999999999999996,2016,08
20160929,446,67,22,26.924999999999986,2016,09
20161014,4320,261,185,23.350000000000012,2016,10
20161219,1241,107,32,49.47500000000003,2016,12
20170112,656,71,10,28.05,2017,01
20170118,1682,137,90,21.349999999999994,2017,01
20170119,4182,356,213,37.99999999999981,2017,01
20170303,2810,191,149,31.400000000000006,2017,03
20170323,848,98,25,36.325000000000024,2017,03
20170328,2620,252,65,70.54999999999997,2017,03
20170505,4396,326,123,95.79999999999994,2017,05
20170825,4484,344,293,-11.474999999999996,2017,08
20170926,5681,347,261,27.92500000000001,2017,09
20171004,360,34,10,8.075000000000001,2017,10
20171015,1046,91,46,20.64999999999999,2017,10
20171020,2779,165,157,15.725,2017,10
20171107,505,68,16,26.65,2017,11
20000202,174988,13095,5987,3637.2500000000573,2000,02
20000321,56447,5574,1755,1917.6499999999976,2000,03
20000516,43739,4010,1872,1137.8000000000081,2000,05
20000628,50688,3578,2187,775.9000000000073,2000,06
20000822,45592,3784,1810,1110.0499999999938,2000,08
20001003,38950,3025,1972,702.6000000000066,2000,10
20001115,47584,4018,2659,906.7500000000165,2000,11
20001219,60024,4910,2991,933.6750000000105,2000,12
20010131,202102,17334,9406,3290.1499999999323,2001,01
20010320,57114,4716,2792,1008.8250000000049,2001,03
20010515,58632,4633,3860,751.3999999999997,2001,05
20010627,57148,4520,3479,676.9000000000034,2001,06
20010821,62171,5089,3458,836.5750000000079,2001,08
20011002,42644,3300,3374,-61.89999999999952,2001,10
20011106,48888,4042,3357,539.0749999999964,2001,11
20011211,51330,3931,3315,411.24999999999676,2001,12
20020130,153694,13208,7001,2970.3249999999957,2002,01
20020319,52469,4850,2734,1084.0500000000052,2002,03
20020507,41420,3860,2314,913.8000000000014,2002,05
20020626,96554,9895,4063,2864.7500000000146,2002,06
20020813,87196,8652,4617,1981.4500000000041,2002,08
20020924,65883,6250,3311,1601.7000000000162,2002,09
20021106,109773,9393,5961,2149.0749999999875,2002,11
20021210,64839,6256,3912,1371.1749999999965,2002,12
20030129,140864,12079,6298,2928.400000000037,2003,01
20030318,35567,3123,2158,513.049999999996,2003,03
20030506,3885,204,182,31.625000000000025,2003,05
20030625,61338,5441,3355,1317.3249999999825,2003,06
20030812,42297,3562,1840,773.5750000000039,2003,08
20030916,43831,4141,2247,1145.3499999999858,2003,09
20031028,40175,3710,2086,981.7499999999889,2003,10
20031209,48323,4131,2638,900.0000000000007,2003,12
20040128,15520,1243,391,392.9000000000007,2004,01
20040316,34767,3017,1595,713.9000000000005,2004,03
20040504,3041,264,119,66.02499999999998,2004,05
20040630,2875,252,93,73.19999999999996,2004,06
20040810,36087,2834,1532,742.7000000000023,2004,08
20040921,2518,181,101,38.92500000000001,2004,09
20041110,2214,167,106,37.9,2004,11
20041214,2439,188,109,47.35000000000004,2004,12
20050202,4317,329,130,95.04999999999998,2005,02
20050322,2673,195,104,47.975,2005,03
20050503,2548,179,116,33.374999999999986,2005,05
20050630,2697,151,124,25.650000000000013,2005,06
20050809,2072,131,75,29.80000000000002,2005,08
20050920,2193,145,127,11.500000000000004,2005,09
20051101,2266,128,125,3.675000000000001,2005,11
20051213,2218,158,91,40.099999999999994,2005,12
20060131,4020,268,115,66.37499999999993,2006,01
20060328,2737,172,99,42.024999999999984,2006,03
20060510,2912,205,90,54.39999999999998,2006,05
20060629,36994,2880,1544,647.8000000000033,2006,06
20060808,2334,156,85,36.750000000000014,2006,08
20060920,2339,156,96,41.45000000000003,2006,09
20061025,2748,174,139,18.224999999999984,2006,10
20061212,2644,189,117,31.950000000000006,2006,12
20070131,4642,335,136,80.99999999999999,2007,01
20070321,2561,177,127,23.699999999999992,2007,03
20070509,2573,208,125,34.09999999999999,2007,05
20070628,2869,160,123,18.0,2007,06
20070807,2811,204,135,31.674999999999986,2007,08
20070918,3544,206,189,13.624999999999984,2007,09
20071031,7184,438,409,27.87500000000002,2007,10
20071211,49112,3294,2978,230.64999999999625,2007,12
20080130,15782,1021,697,124.67499999999944,2008,01
20080318,3846,231,193,21.850000000000005,2008,03
20080430,8330,529,411,58.00000000000009,2008,04
20080805,3295,201,166,14.774999999999991,2008,08
20080916,2900,156,170,0.42500000000000204,2008,09
20081029,5042,294,245,12.774999999999999,2008,10
20081216,4828,284,271,16.650000000000016,2008,12
20090128,18496,1231,726,209.07500000000005,2009,01
20090318,4100,233,201,21.574999999999992,2009,03
20090429,3990,225,201,20.924999999999994,2009,04
20090624,5196,305,264,21.22499999999999,2009,06
20090812,4403,266,200,35.29999999999999,2009,08
20090923,4536,299,199,61.22499999999994,2009,09
20091104,8780,602,404,121.30000000000004,2009,11
20091216,4966,339,218,71.775,2009,12
20100127,6598,440,236,94.62499999999999,2010,01
20100316,4091,257,191,43.52499999999998,2010,03
20100428,4302,315,218,66.44999999999996,2010,04
20100623,4910,324,200,73.99999999999999,2010,06
20100810,4081,270,192,52.99999999999991,2010,08
20100921,3674,213,154,38.225,2010,09
20101103,4407,295,218,52.25,2010,11
20101214,4115,273,169,55.12499999999995,2010,12
20110126,6270,457,215,116.14999999999992,2011,01
20110315,4149,305,181,64.42499999999997,2011,03
20110427,4735,295,196,57.749999999999986,2011,04
20110622,4283,256,197,30.22499999999998,2011,06
20110809,4043,246,207,22.525,2011,08
20110921,5057,340,275,43.92499999999997,2011,09
20111102,4639,314,226,53.29999999999993,2011,11
20111213,4673,312,207,55.04999999999998,2011,12
20120125,6806,467,237,106.37499999999999,2012,01
20120313,4019,259,172,58.04999999999994,2012,03
20120425,4556,327,208,59.34999999999986,2012,04
20120620,4969,354,266,54.099999999999966,2012,06
20120801,4446,305,203,49.99999999999997,2012,08
20120913,4873,335,254,59.350000000000016,2012,09
20121024,4195,264,163,60.89999999999997,2012,10
20121212,4690,288,246,41.14999999999997,2012,12
20130130,6726,471,244,105.02499999999972,2013,01
20130320,4669,258,220,40.775000000000006,2013,03
20130501,4464,290,190,60.47499999999999,2013,05
20130619,5228,324,221,66.92499999999997,2013,06
20130731,4675,324,166,84.50000000000001,2013,07
20130918,4493,294,223,48.59999999999997,2013,09
20131030,4873,311,205,63.12499999999993,2013,10
20131218,5474,384,253,78.99999999999999,2013,12
20140129,7328,531,252,128.62500000000006,2014,01
20140319,5204,324,236,53.62500000000001,2014,03
20140430,3765,207,168,24.60000000000003,2014,04
20140618,4919,288,204,51.824999999999946,2014,06
20140730,5155,320,207,61.625000000000014,2014,07
20140917,5177,313,213,65.55,2014,09
20141029,5395,328,231,61.075,2014,10
20141217,4228,254,181,46.62499999999996,2014,12
20150128,7819,528,309,100.72499999999997,2015,01
20150318,5337,323,190,73.09999999999997,2015,03
20150429,4958,282,204,41.45,2015,04
20150617,5241,316,187,66.49999999999999,2015,06
20150729,5484,318,213,60.35000000000001,2015,07
20150917,4850,286,253,29.325000000000017,2015,09
20151028,5311,337,255,51.10000000000002,2015,10
20151216,5069,293,227,40.175000000000054,2015,12
20160127,7704,481,294,79.0500000000002,2016,01
20160316,5078,278,246,28.55000000000001,2016,03
20160427,6026,334,253,43.87500000000002,2016,04
20160615,5363,296,262,25.125,2016,06
20160727,6646,402,303,58.04999999999996,2016,07
20160921,5821,343,250,49.775,2016,09
20161102,6024,374,227,86.2499999999999,2016,11
20161214,5465,344,222,60.050000000000004,2016,12
20170201,7803,554,264,128.12499999999974,2017,02
20170315,5813,360,210,80.47500000000002,2017,03
20170503,5628,325,215,58.949999999999974,2017,05
20170614,5533,297,198,57.149999999999984,2017,06
20170726,4907,287,199,48.824999999999996,2017,07
20170920,5610,344,258,43.87499999999996,2017,09
20171101,4977,291,241,31.00000000000001,2017,11
20171213,4933,302,190,68.84999999999991,2017,12
20180131,7786,600,227,156.89999999999975,2018,01
20180321,4863,303,187,65.62499999999997,2018,03
20180502,5272,334,176,81.6999999999999,2018,05
20180613,4769,294,174,69.09999999999992,2018,06
20180801,5464,357,225,70.94999999999993,2018,08
20180926,4740,310,192,70.32499999999993,2018,09
20181108,5507,369,234,72.00000000000003,2018,11
20181219,5625,362,267,57.149999999999956,2018,12
20190130,8977,640,323,137.12500000000017,2019,01
20190320,6293,401,284,74.77499999999993,2019,03
20190501,6165,422,236,94.62499999999994,2019,05
20190619,5457,326,258,40.87499999999997,2019,06
20190731,6952,442,346,69.72499999999992,2019,07
20190918,6925,424,342,44.89999999999995,2019,09
20191030,8170,532,376,84.07499999999992,2019,10
20191211,5600,355,254,63.69999999999997,2019,12
20200129,8473,620,311,135.89999999999975,2020,01
20200315,6450,394,377,-0.3500000000000201,2020,03
20200429,6167,413,385,-9.850000000000003,2020,04
20200610,6557,466,337,58.72499999999992,2020,06
20200729,5911,356,300,34.449999999999974,2020,07
20200916,6412,506,284,117.57499999999983,2020,09
20201105,6171,421,320,59.24999999999992,2020,11
20201216,5488,400,274,71.44999999999996,2020,12
20210127,8151,641,326,139.62499999999986,2021,01
20210317,5741,425,249,95.09999999999982,2021,03
20210428,5830,430,271,77.34999999999995,2021,04
20210616,6257,454,260,101.6499999999998,2021,06
20210728,6824,513,313,104.99999999999973,2021,07
20210922,5713,412,283,76.19999999999999,2021,09
20211103,5469,388,267,69.44999999999997,2021,11
20211215,6124,421,270,85.64999999999982,2021,12
20220126,8660,636,309,141.82499999999985,2022,01
20220316,5726,334,283,36.27500000000006,2022,03
20220504,5228,293,271,29.47500000000001,2022,05
20220615,5269,287,281,15.6,2022,06
20220727,5643,306,304,17.674999999999997,2022,07
20220921,5248,282,272,19.92499999999998,2022,09
20221102,5361,288,287,18.4,2022,11
20221214,5185,270,287,15.174999999999995,2022,12
20230201,5861,334,292,32.39999999999997,2023,02
20230322,4991,261,217,25.2,2023,03
20230503,5493,319,285,20.050000000000008,2023,05
20230614,4701,260,201,36.099999999999994,2023,06
20230726,4632,273,220,26.849999999999987,2023,07
20230920,4393,245,223,25.29999999999999,2023,09
20231101,4660,269,208,39.249999999999964,2023,11
20231213,4560,243,204,30.75,2023,12
20240131,5038,310,222,49.57500000000006,2024,01
