Year,Month,Mean_File_Count,Mean_Word_Count,Mean_Positive,Mean_Negative,Mean_Sentiment_Score,Median_Sentiment_Score,StdDev_Sentiment_Score,Date,Mean_Sentiment_Score_Corrected,Mean_Positive_Corrected,Mean_Negative_Corrected,Median_Sentiment_Score_Corrected,StdDev_Sentiment_Score_Corrected,ORG,GPE,PERSON,WORK_OF_ART,PRODUCT,NORP,LOC,LAW,FAC,EVENT,LANGUAGE
2000,2,11,30030.636363636364,984.5454545454544,416.3636363636364,298.6500000000003,337.55000000000007,112.69643960658225,2000-02-01,0.0099448442045547,0.0327847016834323,0.0138646291514423,0.0112401880503849,0.0037527156681582,5986.0,1702.0,1921.0,113.0,275.0,444.0,16.0,36.0,,,
2000,3,5,21151.6,965.8,251.8,354.1500000000005,530.6000000000004,314.1319070072321,2000-03-01,0.0167434142097997,0.0456608483518977,0.0119045367726318,0.0250855727226309,0.0148514489214637,61.0,77.0,,,,,,,,,
2000,5,4,20452.25,832.0,363.25,258.2375,297.1,208.54474889497152,2000-05-01,0.0126263614027796,0.0406801207691085,0.0177608820545416,0.014526519087142,0.0101966653495322,49.0,28.0,,,,,,,,,
2000,6,4,23522.25,781.5,444.5,175.97499999999957,215.94999999999945,111.20192968949152,2000-06-01,0.0074812145946922,0.0332238625131524,0.0188970017749152,0.0091806693662383,0.0047275209509928,16.0,,,,,,,,,,
2000,8,4,21179.0,819.0,356.5,257.9875000000005,284.55000000000064,188.89831645182417,2000-08-01,0.0121812880683696,0.0386703810378204,0.0168327116483308,0.0134354785400633,0.0089191329360132,22.0,,,,,,,,,,
2000,10,4,18164.5,623.0,360.75,161.6124999999998,153.27499999999998,161.21292015530244,2000-10-01,0.0088971620468496,0.0342976685292741,0.0198601668088854,0.008438162349638,0.0088751642024444,13.0,,,,,,,,,,
2000,11,4,22368.75,874.5,453.25,240.71249999999992,273.8999999999997,168.73483326904784,2000-11-01,0.0107611064543168,0.0390947191953059,0.0202626431964235,0.0122447611064543,0.0075433286736651,18.0,,,,,,,,,,
2000,12,5,22482.0,835.4,444.4,185.5850000000001,248.60000000000025,148.946826292137,2000-12-01,0.0082548260830886,0.0371586157815141,0.0197669246508317,0.0110577350769504,0.006625159073576,18.0,,,,,,,,,,
2001,1,13,28986.07692307692,1089.5384615384614,601.7692307692307,214.56730769230776,265.40000000000015,97.53202806461806,2001-01-01,0.0074024266292304,0.0375883381676614,0.0207606304353018,0.0091561200470252,0.0033647888371871,99.0,126.0,,,,,,,,,
2001,3,5,21427.8,831.0,450.0,204.69500000000045,271.50000000000017,176.33844624755022,2001-03-01,0.0095527772333137,0.0387813961302606,0.0210007560272169,0.0126704561364209,0.0082294237508073,49.0,,,,,,,,,,
2001,4,1,1993.0,53.0,71.0,-3.35,-3.35,,2001-04-01,-0.0016808830908178,0.0265930757651781,0.0356246864024084,-0.0016808830908178,,55.0,63.0,,,,,,,,,
2001,5,5,22160.2,831.8,574.0,184.0250000000005,216.12500000000065,162.32344832155383,2001-05-01,0.0083043023077409,0.0375357623126145,0.0259022933006019,0.0097528451909279,0.0073249992473693,43.0,39.0,,,,,,,,,
2001,6,5,21543.0,792.8,548.8,142.79000000000002,162.3500000000002,132.97141915652395,2001-06-01,0.0066281390706958,0.0368008169707097,0.0254746321310866,0.0075360906094787,0.0061723724252204,47.0,49.0,,,,,,,,,
2001,8,5,23478.2,873.8,531.2,174.385,195.1,141.51385930360308,2001-08-01,0.0074275285158146,0.0372175038972323,0.0226252438432247,0.008309836358835,0.0060274577822662,47.0,54.0,,,,,,,,,
2001,9,1,1361.0,15.0,43.0,-10.85,-10.85,,2001-09-01,-0.0079720793534166,0.0110213078618662,0.0315944158706833,-0.0079720793534166,,47.0,30.0,,,,,,,,,
2001,10,4,19827.0,732.0,729.25,10.287499999999971,4.974999999999996,26.54839527479322,2001-10-01,0.0005188631663892,0.0369193523982448,0.0367806526453825,0.0002509204619962,0.001339002132183,43.0,56.0,,,,,,,,,
2001,11,4,22594.25,827.0,742.75,103.23125000000024,112.78750000000002,84.39044025391772,2001-11-01,0.0045689168704427,0.0366022328689821,0.0328734080573597,0.0049918673998915,0.003735040563591,42.0,7.0,,,,,,,,,
2001,12,4,23823.5,884.75,698.25,121.18750000000009,145.00000000000028,95.6006657490766,2001-12-01,0.0050868889961592,0.0371377001700002,0.0293092954435746,0.0060864272671941,0.0040128724053592,42.0,35.0,,,,,,,,,
2002,1,9,31757.666666666668,1239.6666666666667,605.7777777777778,316.0833333333328,333.6749999999996,90.18070227326884,2002-01-01,0.0099529772338437,0.039035193601545,0.0190750090091981,0.0105069117168557,0.0028396513893737,,,,,,,,,,,
2002,3,3,31701.33333333333,1433.6666666666667,638.3333333333334,388.7833333333327,403.3749999999999,33.395661519624355,2002-03-01,0.0122639426312247,0.0452241756393001,0.0201358512786002,0.0127242282133243,0.0010534465906678,,,,,,,,,,,
2002,5,4,19196.75,877.5,461.5,237.2499999999993,220.5624999999997,208.6005862487758,2002-05-01,0.0123588628283433,0.0457108625157904,0.0240405276934897,0.011489575058278,0.0108664532407191,38.0,,70.0,,,,,,,,
2002,6,7,25810.285714285717,1258.0,446.4285714285714,401.8499999999996,526.8500000000004,247.1092011473196,2002-06-01,0.0155693743358129,0.0487402585901523,0.0172965373715905,0.0204124047998583,0.009574059112819,43.0,,70.0,,,,,,,,
2002,8,6,26683.666666666668,1241.1666666666667,569.1666666666666,326.45833333333354,379.9000000000007,162.24040315737224,2002-08-01,0.0122343880776005,0.0465140972629948,0.021330152028082,0.0142371738017014,0.0060801390297699,36.0,,96.0,,,,,,,,
2002,9,5,25930.6,1088.4,541.6,290.62999999999954,350.82499999999976,157.6135854312689,2002-09-01,0.0112079936445743,0.0419735756210808,0.0208865201730773,0.0135293822742242,0.0060782853243376,35.0,,118.0,,,,,,9.0,,
2002,11,7,28753.42857142857,1094.7142857142858,656.7142857142857,276.88214285714287,308.70000000000016,115.70882971411268,2002-11-01,0.0096295348629231,0.0380724783131452,0.0228395123066069,0.0107361109731013,0.0040241750449575,71.0,16.0,84.0,,,,,,,,
2002,12,5,23821.8,1050.2,612.8,260.0450000000004,297.9250000000002,155.40845014026792,2002-12-01,0.0109162615755316,0.0440856694288424,0.025724336532084,0.0125064016992838,0.0065237912391283,36.0,,84.0,,,,,,,,
2003,1,9,28995.11111111111,1123.111111111111,535.5555555555555,308.1138888888895,341.5500000000002,119.08489232417848,2003-01-01,0.0106264082833887,0.0387344993025644,0.0184705467588405,0.0117795720351323,0.0041070679766612,28.0,,84.0,,,,,,,,
2003,3,3,21969.33333333333,894.3333333333334,583.3333333333334,176.00833333333313,233.2749999999999,131.67195585367932,2003-03-01,0.0080115463980093,0.0407082599987861,0.0265521636220185,0.0106182102324452,0.0059934433992995,34.0,,84.0,,,,,,,,
2003,5,2,4343.0,109.5,76.5,19.550000000000008,19.550000000000008,16.617009357883873,2003-05-01,0.004501496661294,0.0252129864149205,0.0176145521528897,0.004501496661294,0.003826159189013,29.0,,84.0,,,,,,,,
2003,6,5,23006.8,988.4,524.0,279.83500000000095,364.9000000000012,210.09240496743425,2003-06-01,0.0121631430707443,0.0429612114679138,0.0227758749587078,0.0158605281916651,0.0091317525673902,72.0,45.0,100.0,,,,,,,,
2003,8,4,19999.75,785.0,341.25,197.17499999999995,198.06250000000009,179.4592235486008,2003-08-01,0.0098588732359154,0.0392504906311328,0.017062713283916,0.0099032487906098,0.0089730733408468,34.0,,78.0,,,,,,,,
2003,9,4,20709.0,932.25,438.75,288.68750000000034,302.20000000000044,256.0417849199622,2003-09-01,0.0139401950842628,0.045016659423439,0.0211864406779661,0.0145926891689603,0.012363792791538,40.0,,91.0,,,,,,,,
2003,10,4,19028.5,796.0,371.75,248.86250000000064,246.1875000000003,241.2470142302292,2003-10-01,0.0130784087027354,0.041831988858817,0.0195364847465643,0.0129378300969598,0.0126781939842987,40.0,,91.0,,,,,,,,
2003,12,4,24349.0,893.25,521.25,217.8000000000009,281.3500000000011,141.2938250596967,2003-12-01,0.0089449258696456,0.0366852848166249,0.0214074499979465,0.0115548893178365,0.0058028594627991,41.0,,77.0,,,,,,,,
2004,1,2,16352.0,535.5,165.5,172.33750000000015,172.33750000000015,227.17573112570827,2004-01-01,0.0105392306751467,0.0327482876712328,0.0101210861056751,0.0105392306751467,0.0138928406999576,34.0,,84.0,,,,,,,,
2004,3,3,22472.33333333333,893.6666666666666,446.6666666666667,219.4000000000009,298.4000000000014,180.42464493522016,2004-03-01,0.0097631161279796,0.039767417713633,0.0198762923298277,0.0132785499206432,0.0080287454915772,34.0,,84.0,,,,,,,,
2004,5,2,3645.0,140.0,55.5,38.43749999999999,38.43749999999999,30.03436053089857,2004-05-01,0.0105452674897119,0.0384087791495198,0.0152263374485596,0.0105452674897119,0.0082398794323452,34.0,,84.0,,,,,,,,
2004,6,2,3787.5,131.5,37.5,41.77499999999998,41.77499999999998,32.77439930799643,2004-06-01,0.011029702970297,0.0347194719471947,0.0099009900990099,0.011029702970297,0.0086533067479858,73.0,96.0,84.0,,,,,,,,
2004,8,3,23343.0,832.6666666666666,409.0,225.53333333333413,325.75000000000125,177.05575628409704,2004-08-01,0.0096617115766325,0.035670936326379,0.0175213125990661,0.0139549329563467,0.0075849614995543,73.0,96.0,84.0,,,,,,,,
2004,9,2,3502.5,91.5,47.0,21.062500000000007,21.062500000000007,14.796209396328516,2004-09-01,0.0060135617416131,0.0261241970021413,0.0134189864382583,0.0060135617416131,0.0042244709197226,73.0,96.0,84.0,,,,,,,,
2004,11,2,2717.0,83.5,48.5,21.875,21.875,21.036426740299785,2004-11-01,0.0080511593669488,0.0307324254692675,0.0178505704821494,0.0080511593669488,0.007742519963305,42.0,40.0,48.0,,,,,,,,
2004,12,2,3739.5,106.0,50.0,29.950000000000017,29.950000000000017,17.253405460951754,2004-12-01,0.0080090921246155,0.0283460355662521,0.0133707714935151,0.0080090921246155,0.004613826838067,75.0,96.0,84.0,,,,,,,,
2005,2,2,5235.5,146.5,60.5,44.31249999999997,44.31249999999997,45.20180098735,2005-02-01,0.0084638525451246,0.0279820456498901,0.011555725336644,0.0084638525451246,0.0086337123459745,75.0,96.0,84.0,,,,,,,,
2005,3,2,3226.0,98.5,48.5,27.0625,27.0625,22.71580534561783,2005-03-01,0.0083888716676999,0.0305331680099194,0.0150340979541227,0.0083888716676999,0.0070414771685114,45.0,39.0,48.0,,,,,,,,
2005,5,2,3216.5,93.5,46.5,22.599999999999994,22.599999999999994,15.27350647362942,2005-05-01,0.0070262707912327,0.0290688636716928,0.0144567076014301,0.0070262707912327,0.0047484863900604,49.0,47.0,44.0,,,,,,,,
2005,6,2,3285.5,77.5,52.0,18.83750000000001,18.83750000000001,5.992729970555992,2005-06-01,0.0057335260995282,0.0235884949018414,0.0158271191599452,0.0057335260995282,0.0018239932949493,49.0,47.0,44.0,,,,,,,,
2005,8,2,2603.5,74.0,34.5,20.850000000000016,20.850000000000016,15.3442171517481,2005-08-01,0.0080084501632417,0.0284232763587478,0.0132513923564432,0.0080084501632417,0.0058936881704429,53.0,47.0,40.0,,,,,,,,
2005,9,1,3978.0,114.0,85.0,16.25000000000001,16.25000000000001,,2005-09-01,0.0040849673202614,0.028657616892911,0.0213675213675213,0.0040849673202614,,,,,,,,,,,,
2005,11,1,4174.0,107.0,78.0,17.575000000000006,17.575000000000006,,2005-11-01,0.0042105893627216,0.0256348826066123,0.018687110685194,0.0042105893627216,,,,,,,,,,,,
2005,12,1,4215.0,129.0,56.0,41.05,41.05,,2005-12-01,0.0097390272835112,0.0306049822064056,0.0132858837485172,0.0097390272835112,,,,,,,,,,,,
2006,1,3,3521.333333333333,110.0,38.333333333333336,32.32499999999998,36.325,27.593307612535305,2006-01-01,0.0091797614539946,0.0312381673608481,0.0108860280196895,0.0103156948125709,0.007836039647634,20.0,27.0,12.0,1.0,,,2.0,,1.0,,
2006,2,5,3137.2,127.2,55.0,35.15999999999997,29.65000000000001,20.52057351781374,2006-02-01,0.0112074461303072,0.0405457095499171,0.017531556802244,0.0094511028943006,0.0065410472771304,230.0,54.0,129.0,16.0,5.0,40.0,5.0,,3.0,3.0,
2006,3,11,3619.5454545454554,139.45454545454547,77.36363636363636,29.074999999999992,28.55000000000002,14.349211650819008,2006-03-01,0.0080327765917367,0.038528192892126,0.0213738540750973,0.0078877307547406,0.0039643684078615,370.0,166.0,100.0,17.0,1.0,8.0,29.0,7.0,3.0,12.0,
2006,4,11,3417.090909090909,138.54545454545453,70.63636363636364,27.59772727272728,19.974999999999984,21.179254161045943,2006-04-01,0.0080763807598169,0.0405448547408747,0.0206714909013514,0.005845615622007,0.006198036494932,476.0,189.0,109.0,22.0,4.0,15.0,29.0,6.0,6.0,2.0,
2006,5,12,3496.75,151.41666666666666,73.41666666666667,31.847916666666677,39.51250000000003,25.309523581085337,2006-05-01,0.0091078620623912,0.043302113867639,0.0209956864707704,0.0112997783656252,0.0072380134642411,453.0,197.0,90.0,31.0,21.0,6.0,30.0,4.0,3.0,13.0,
2006,6,15,7853.933333333333,293.93333333333334,141.06666666666666,69.05,28.200000000000006,104.42895098377376,2006-06-01,0.0087917731242944,0.0374249845088236,0.0179612763031686,0.003590557597467,0.0132963887712874,454.0,327.0,192.0,52.0,8.0,26.0,27.0,8.0,5.0,18.0,
2006,7,3,4512.666666666667,184.66666666666663,92.0,38.90000000000003,38.57500000000003,7.892520193195573,2006-07-01,0.008620180233417,0.0409218496085093,0.0203870586497266,0.0085481607327522,0.0017489703486177,129.0,132.0,26.0,3.0,14.0,7.0,12.0,1.0,1.0,6.0,
2006,8,4,3584.5,101.25,38.75,31.693749999999987,38.837499999999984,19.33373966886213,2006-08-01,0.008841888687404,0.0282466173803877,0.0108104338122471,0.0108348444692425,0.0053937061427987,126.0,170.0,141.0,22.0,,23.0,15.0,,2.0,9.0,1.0
2006,9,5,3103.8,101.2,35.2,31.79000000000001,30.52499999999999,28.318989874287556,2006-09-01,0.0102422836522971,0.0326051936336104,0.0113409369160384,0.009834718731877,0.0091239737980177,181.0,104.0,110.0,20.0,11.0,6.0,3.0,1.0,4.0,2.0,
2006,10,8,3593.25,142.625,86.0,25.41562500000001,24.52500000000001,11.883534057528037,2006-10-01,0.0070731580045919,0.0396924789535935,0.023933764697697,0.0068252974326862,0.0033071826501156,272.0,106.0,61.0,13.0,5.0,7.0,10.0,5.0,,5.0,
2006,11,8,4108.125,140.25,65.25,33.103125000000006,33.30000000000001,11.257080609078256,2006-11-01,0.0080579643998174,0.0341396622546782,0.0158831583751711,0.0081058877225011,0.0027401991441541,531.0,204.0,171.0,34.0,39.0,28.0,19.0,4.0,3.0,9.0,
2006,12,5,3301.8,107.2,50.8,29.395000000000003,24.425,32.505645663484366,2006-12-01,0.0089027197286328,0.0324671391362287,0.0153855472772427,0.0073974801623356,0.0098448257506464,119.0,147.0,69.0,13.0,1.0,36.0,,1.0,3.0,,
2007,1,7,4343.428571428572,153.42857142857142,85.14285714285714,25.83214285714286,21.54999999999999,27.40226463529716,2007-01-01,0.0059474082357584,0.0353242994342849,0.0196026838573871,0.0049615182212866,0.0063089018697237,312.0,85.0,102.0,12.0,2.0,8.0,2.0,3.0,2.0,1.0,
2007,2,3,5397.0,185.33333333333331,114.66666666666669,26.125000000000004,30.60000000000003,13.72117433020949,2007-02-01,0.004840652214193,0.0343400654684701,0.0212463714409239,0.0056698165647582,0.0025423706374299,231.0,150.0,169.0,29.0,4.0,12.0,19.0,4.0,1.0,6.0,
2007,3,13,4664.846153846154,147.0,80.76923076923077,31.680769230769236,39.59999999999998,22.377204625667044,2007-03-01,0.006791385650446,0.0315122932572596,0.0173144468446481,0.0084890259386903,0.0047969866288552,934.0,375.0,509.0,80.0,6.0,14.0,16.0,2.0,5.0,12.0,
2007,4,5,4074.4,151.4,91.2,27.315,18.349999999999977,16.14263183313055,2007-04-01,0.0067040545847241,0.0371588454741802,0.0223836638523463,0.004503730610642,0.0039619654018089,220.0,182.0,180.0,48.0,5.0,22.0,9.0,,6.0,7.0,
2007,5,12,4176.333333333333,145.75,73.91666666666667,31.97916666666667,34.0,18.79792612271768,2007-05-01,0.0076572352143028,0.0348990342405619,0.0176989384627663,0.0081411126187245,0.0045010598106914,541.0,349.0,383.0,67.0,8.0,23.0,14.0,1.0,5.0,7.0,1.0
2007,6,8,4062.875,134.25,69.75,27.771874999999987,18.875,25.15500318560617,2007-06-01,0.0068355228748115,0.0330431037135033,0.0171676460634402,0.004645725009999,0.0061914292676014,311.0,214.0,295.0,70.0,4.0,23.0,8.0,2.0,2.0,11.0,
2007,7,2,5405.0,235.5,85.5,60.27499999999998,60.27499999999998,17.218050121892368,2007-07-01,0.0111517113783533,0.0435707678075855,0.0158186864014801,0.0111517113783533,0.0031855781909144,153.0,89.0,112.0,19.0,1.0,,17.0,1.0,1.0,1.0,1.0
2007,8,6,2903.833333333333,99.83333333333331,45.5,22.729166666666675,17.124999999999996,26.805337232847265,2007-08-01,0.0078272972507604,0.0343798427366125,0.0156689433507432,0.0058973770303621,0.0092310178153638,199.0,41.0,100.0,17.0,1.0,,1.0,1.0,1.0,5.0,
2007,9,10,4696.5,142.8,84.7,26.4075,20.15,22.7969876482252,2007-09-01,0.0056228042159054,0.030405621207282,0.0180347066964761,0.0042904290429042,0.0048540376127382,471.0,416.0,412.0,69.0,7.0,35.0,24.0,1.0,4.0,7.0,
2007,10,12,4348.583333333333,137.75,89.41666666666667,19.34583333333333,19.5125,16.982192656551828,2007-10-01,0.0044487668397754,0.0316769829254738,0.0205622520744303,0.0044870934978824,0.0039052241511339,593.0,268.0,427.0,77.0,6.0,15.0,6.0,1.0,3.0,3.0,
2007,11,11,3969.909090909091,155.27272727272728,81.0,29.07500000000001,30.15000000000001,24.291971410324027,2007-11-01,0.0073238452907096,0.0391124138404818,0.0204034898898532,0.0075946323478898,0.006119024605866,519.0,245.0,188.0,40.0,13.0,12.0,26.0,3.0,12.0,7.0,
2007,12,4,22285.25,739.25,473.0,136.8812499999997,158.42499999999987,106.47785249955312,2007-12-01,0.006142235335031,0.0331721654457544,0.0212248011577164,0.0071089622059433,0.0047779518964136,10.0,7.0,10.0,,,,,,,,
2008,1,7,6472.0,192.28571428571428,121.28571428571428,28.03214285714282,24.050000000000008,45.826879199252126,2008-01-01,0.0043312952498675,0.0297104008476072,0.0187400671022426,0.0037160074165636,0.0070807909763986,263.0,85.0,173.0,14.0,5.0,7.0,1.0,3.0,2.0,,3.0
2008,2,7,4179.0,147.14285714285714,96.0,20.189285714285724,15.424999999999988,15.9358927761023,2008-02-01,0.004831128431272,0.0352100639250675,0.0229720028715003,0.0036910744197176,0.0038133268188806,317.0,147.0,179.0,39.0,2.0,5.0,3.0,1.0,3.0,1.0,2.0
2008,3,12,4140.333333333333,129.0,84.08333333333333,20.13958333333333,19.787499999999994,10.992670380000174,2008-03-01,0.0048642420095,0.0311569116818291,0.0203083487641896,0.0047792045729007,0.002655020621528,569.0,270.0,346.0,41.0,4.0,18.0,6.0,3.0,6.0,2.0,4.0
2008,4,10,4566.8,174.9,93.1,36.98,33.40000000000002,23.821599092700147,2008-04-01,0.0080975737934658,0.0382981518787772,0.0203862660944206,0.0073136550757642,0.0052162562609924,337.0,169.0,167.0,21.0,5.0,20.0,39.0,4.0,8.0,2.0,
2008,5,10,4467.0,168.0,110.7,22.07250000000001,19.450000000000014,15.00955922256066,2008-05-01,0.0049412357286769,0.0376091336467427,0.0247817327065144,0.0043541526751734,0.0033600983260713,552.0,218.0,226.0,33.0,13.0,7.0,33.0,4.0,7.0,6.0,1.0
2008,6,10,3639.7,135.3,61.6,31.87,34.07499999999999,16.63104443169125,2008-06-01,0.0087562161716625,0.0371733934115449,0.0169244717971261,0.0093620353325823,0.0045693448448199,431.0,267.0,291.0,34.0,7.0,14.0,9.0,3.0,3.0,11.0,
2008,7,5,4541.4,165.8,79.4,39.079999999999984,39.19999999999999,24.42791308114549,2008-07-01,0.0086052759061082,0.0365085656405513,0.0174835953670674,0.0086316994759325,0.005378938891343,403.0,148.0,172.0,23.0,,15.0,8.0,4.0,2.0,1.0,1.0
2008,8,3,3563.0,124.66666666666669,83.33333333333333,15.075000000000005,21.7,11.713800621489169,2008-08-01,0.0042309851248947,0.0349892412760782,0.0233885302647581,0.006090373280943,0.0032876229642125,53.0,12.0,17.0,1.0,,,1.0,,,,
2008,9,5,2463.6,78.4,46.0,15.735000000000005,15.399999999999997,11.880388251231526,2008-09-01,0.0063869946419873,0.0318233479460951,0.0186718623153109,0.0062510147751258,0.0048223689930311,41.0,108.0,59.0,10.0,,4.0,,,2.0,3.0,
2008,10,9,3313.1111111111118,125.22222222222224,72.44444444444444,24.247222222222224,20.6,18.957095655570352,2008-10-01,0.0073185659668656,0.037795962170501,0.0218659869877255,0.0062177208397612,0.0057218411999508,357.0,70.0,56.0,4.0,1.0,10.0,3.0,1.0,,,
2008,11,3,4676.0,158.0,128.66666666666666,12.483333333333336,8.6,8.839730388045401,2008-11-01,0.0026696606786427,0.0337895637296834,0.0275163957798688,0.0018391787852865,0.001890447046203,124.0,59.0,91.0,10.0,3.0,4.0,1.0,1.0,3.0,3.0,
2008,12,9,3712.8888888888887,126.0,82.77777777777777,17.288888888888895,15.124999999999996,12.46009324247259,2008-12-01,0.0046564519990423,0.0339358391189849,0.0222947091213789,0.0040736473545606,0.0033559025371754,475.0,94.0,91.0,18.0,1.0,4.0,4.0,,2.0,1.0,
2009,1,3,13364.666666666666,423.0,250.33333333333331,77.775,37.45000000000001,96.71279323336702,2009-01-01,0.0058194492941587,0.0316506210405546,0.0187309821918491,0.0028021649124557,0.0072364538260114,132.0,18.0,15.0,2.0,3.0,2.0,1.0,,1.0,,
2009,2,4,4949.25,158.0,99.5,24.23750000000001,30.250000000000007,17.9022985023339,2009-02-01,0.0048972066474718,0.0319240288932666,0.0201040561701267,0.0061120371773501,0.0036171740167366,405.0,48.0,75.0,13.0,5.0,2.0,2.0,1.0,1.0,,
2009,3,6,4189.166666666667,138.5,86.83333333333333,22.075000000000006,21.1125,12.197141058461208,2009-03-01,0.0052695444599164,0.0330614680724089,0.0207280684304754,0.0050397851601352,0.0029115912612201,238.0,63.0,47.0,13.0,12.0,12.0,1.0,,7.0,1.0,
2009,4,9,4595.777777777777,169.0,119.55555555555556,26.36666666666667,28.724999999999994,13.639195586617271,2009-04-01,0.0057371500411005,0.0367728833228567,0.0260142159470045,0.0062503022097577,0.002967766555765,545.0,98.0,90.0,18.0,4.0,6.0,3.0,1.0,3.0,7.0,
2009,5,4,4089.0,161.75,71.5,36.25625000000003,40.80000000000001,11.85445371650112,2009-05-01,0.0088667767180239,0.0395573489850819,0.0174859378821227,0.0099779897285399,0.0028991082701152,216.0,66.0,46.0,6.0,1.0,2.0,1.0,3.0,,3.0,1.0
2009,6,10,4071.9,136.6,95.3,16.522499999999997,12.412499999999994,13.84998721419386,2009-06-01,0.0040576880571723,0.0335469928043419,0.023404307571404,0.0030483312458557,0.0034013574042078,382.0,97.0,122.0,25.0,1.0,9.0,2.0,7.0,9.0,8.0,
2009,7,2,2539.5,89.5,72.5,6.8875,6.8875,24.16537424705027,2009-07-01,0.0027121480606418,0.0352431581019885,0.0285489269541248,0.0027121480606418,0.0095158000579052,60.0,7.0,7.0,2.0,,,,1.0,,2.0,
2009,8,5,5323.6,191.8,136.2,18.250000000000007,25.00000000000002,17.07081756975922,2009-08-01,0.0034281313396949,0.0360282515590953,0.0255841911488466,0.0046960703283492,0.0032066303948003,385.0,95.0,78.0,16.0,1.0,14.0,5.0,4.0,3.0,4.0,
2009,9,7,3003.428571428572,113.0,65.42857142857143,24.589285714285715,18.350000000000005,18.25820510267721,2009-09-01,0.0081870719178082,0.0376236681887366,0.0217846270928462,0.0061096841704718,0.0060791208009294,161.0,31.0,51.0,11.0,3.0,1.0,,1.0,5.0,3.0,
2009,10,8,4470.5,153.5,115.5,9.615625000000009,4.887500000000005,20.265641831417177,2009-10-01,0.002150905938933,0.0343362040040263,0.0258360362375573,0.0010932781568057,0.0045331935647952,496.0,239.0,135.0,28.0,2.0,52.0,44.0,1.0,3.0,6.0,
2009,11,7,5177.571428571428,223.0,124.14285714285714,44.66785714285714,31.37500000000001,41.65091964342273,2009-11-01,0.0086271831802003,0.0430703860055734,0.0239770438429489,0.0060597908561653,0.0080444896256921,208.0,36.0,31.0,11.0,1.0,2.0,2.0,6.0,,3.0,
2009,12,5,4395.8,162.0,93.4,35.705000000000005,35.60000000000003,21.199590208303565,2009-12-01,0.0081225260475908,0.0368533600254788,0.0212475544838254,0.0080986396105373,0.0048226921625878,243.0,76.0,42.0,9.0,,5.0,3.0,,4.0,5.0,
2010,1,6,5338.166666666667,168.5,106.5,27.96249999999999,21.60000000000001,29.11387448451337,2010-01-01,0.0052382216116644,0.03156514408817,0.0199506697055793,0.004046333010709,0.005453908860941,261.0,69.0,138.0,18.0,2.0,3.0,,3.0,6.0,2.0,
2010,2,4,3175.25,133.75,86.0,15.612500000000002,19.325,15.979016187905104,2010-02-01,0.0049169356743563,0.0421226675064955,0.0270844815368868,0.0060861349500039,0.0050323647548713,188.0,46.0,20.0,9.0,1.0,3.0,2.0,3.0,2.0,5.0,
2010,3,8,3926.25,154.5,98.125,23.628125,23.5875,12.269790409637343,2010-03-01,0.006017987901942,0.0393505253104106,0.024992040751353,0.006007640878701,0.0031250660069117,330.0,57.0,40.0,14.0,2.0,3.0,1.0,,4.0,3.0,
2010,4,11,2760.818181818182,114.0909090909091,63.63636363636363,23.765909090909087,19.69999999999999,19.307628909084325,2010-04-01,0.0086082847640686,0.0413250353979386,0.0230498205406829,0.0071355658730942,0.0069934445651792,274.0,97.0,62.0,9.0,2.0,9.0,2.0,3.0,2.0,13.0,3.0
2010,5,8,3745.375,153.75,71.625,39.02187500000001,29.375000000000007,32.044838668151506,2010-05-01,0.0104186830424189,0.0410506291092347,0.0191235857557654,0.0078430063745285,0.0085558425172783,480.0,167.0,192.0,40.0,7.0,26.0,8.0,10.0,6.0,7.0,
2010,6,8,3406.625,127.25,72.875,23.471875,19.4125,22.46674303077137,2010-06-01,0.0068900671485707,0.0373536858327523,0.0213921403148277,0.0056984552159395,0.0065950150165549,262.0,60.0,56.0,16.0,3.0,8.0,1.0,2.0,7.0,2.0,
2010,7,3,2117.0,83.33333333333333,22.666666666666668,24.45833333333333,27.725000000000005,15.731463960271892,2010-07-01,0.0115532986931191,0.0393638797039836,0.0107069752794835,0.0130963627775153,0.0074310174587963,98.0,33.0,18.0,7.0,,5.0,,,2.0,,
2010,8,4,4523.5,162.75,107.75,35.968749999999986,32.637499999999974,28.302233237855965,2010-08-01,0.007951530894219,0.0359787774953023,0.0238200508455841,0.0072150989278213,0.0062567112275574,168.0,54.0,41.0,10.0,1.0,6.0,7.0,,2.0,2.0,
2010,9,7,3382.428571428572,119.85714285714286,78.85714285714286,14.814285714285711,13.175,16.207199127900807,2010-09-01,0.0043797778434767,0.0354352325041179,0.0233137644127212,0.0038951302952232,0.0047915865141405,237.0,81.0,126.0,29.0,1.0,2.0,2.0,2.0,5.0,3.0,
2010,10,6,4191.166666666667,143.5,100.66666666666669,18.125,17.387500000000014,9.39789870130553,2010-10-01,0.0043245715194655,0.0342386765816996,0.0240187696345488,0.00414860619557,0.00224231090022,385.0,135.0,176.0,31.0,4.0,8.0,5.0,1.0,6.0,6.0,
2010,11,7,3778.0,151.14285714285714,97.57142857142856,24.503571428571423,19.3,23.22424841164324,2010-11-01,0.0064858579747409,0.0400060500642819,0.0258262119035014,0.0051085230280571,0.0061472335658134,200.0,98.0,57.0,12.0,,8.0,4.0,3.0,1.0,6.0,
2010,12,4,3829.25,131.5,80.75,22.575,16.825000000000003,18.79550034804428,2010-12-01,0.0058954103283932,0.0343409283802311,0.0210876803551609,0.0043938107984592,0.004908402519565,76.0,33.0,15.0,,,,,1.0,,1.0,
2011,1,4,6080.25,203.5,122.75,42.11249999999998,30.9375,40.03589275054736,2011-01-01,0.0069261132354755,0.0334690185436454,0.020188314625221,0.0050881953867028,0.0065845800338057,247.0,77.0,133.0,14.0,9.0,7.0,1.0,,4.0,1.0,
2011,2,6,4011.1666666666665,128.66666666666666,81.16666666666667,23.95416666666667,23.550000000000004,10.783777360770513,2011-02-01,0.0059718701957036,0.0320771180454564,0.0202351767981052,0.0058711098184235,0.0026884391143317,375.0,116.0,126.0,23.0,1.0,22.0,3.0,2.0,4.0,3.0,
2011,3,7,3741.714285714286,142.28571428571428,88.71428571428571,24.77857142857142,12.400000000000002,32.62525998801714,2011-03-01,0.0066222510690287,0.0380268784361637,0.0237095296273671,0.0033139890042761,0.0087193349082208,180.0,44.0,59.0,12.0,1.0,8.0,3.0,9.0,2.0,1.0,
2011,4,8,4128.375,145.75,85.625,30.118749999999988,34.92499999999996,22.41664619843284,2011-04-01,0.0072955460683683,0.0353044478759802,0.0207406061707088,0.0084597450570745,0.0054298958303043,292.0,122.0,70.0,17.0,1.0,5.0,6.0,4.0,1.0,6.0,
2011,5,6,3684.6666666666665,145.83333333333334,46.5,42.42083333333334,32.77500000000001,26.21456854816929,2011-05-01,0.0115128007960919,0.0395784331463723,0.0126198661118147,0.0088949701465532,0.0071145020485351,337.0,191.0,177.0,32.0,4.0,28.0,4.0,,3.0,2.0,
2011,6,8,4328.5,144.0,102.875,14.421875,12.6,10.90730781812293,2011-06-01,0.0033318412845096,0.0332678757075199,0.0237668938431327,0.0029109391244079,0.0025198816722012,291.0,105.0,120.0,23.0,4.0,33.0,4.0,1.0,2.0,4.0,
2011,8,3,3996.0,133.33333333333334,100.66666666666669,18.616666666666667,23.824999999999992,10.347352721026445,2011-08-01,0.0046588254921588,0.0333667000333667,0.0251918585251918,0.0059622122122122,0.0025894276078644,43.0,36.0,14.0,1.0,,3.0,1.0,,1.0,3.0,
2011,9,8,4207.875,155.5,98.0,27.78125,14.4625,31.79562175048633,2011-09-01,0.0066022042004574,0.036954519799186,0.0232896652110625,0.0034370079909693,0.0075562182219021,338.0,134.0,168.0,31.0,1.0,21.0,9.0,2.0,2.0,7.0,2.0
2011,10,5,5181.8,181.6,133.6,16.469999999999978,18.649999999999995,31.93056627277384,2011-10-01,0.0031784322050252,0.0350457370025859,0.0257825466054266,0.0035991354355629,0.0061620607265378,324.0,99.0,99.0,24.0,6.0,22.0,4.0,2.0,3.0,9.0,2.0
2011,11,8,3799.625,146.875,86.625,22.81875,25.23749999999999,16.036140823153183,2011-11-01,0.0060055268612034,0.038655130440504,0.0227983024640589,0.0066421028390959,0.0042204535508512,294.0,166.0,59.0,13.0,10.0,30.0,16.0,4.0,8.0,6.0,
2011,12,2,4416.5,142.0,85.5,27.862499999999997,27.862499999999997,26.322049929669223,2011-12-01,0.0063087286312691,0.0321521566851579,0.0193592211026831,0.0063087286312691,0.0059599343212202,23.0,2.0,12.0,,,,,1.0,1.0,,
2012,1,7,5183.285714285715,178.85714285714286,112.0,28.44285714285713,21.3,28.2766935621816,2012-01-01,0.0054874183501915,0.0345065182041176,0.0216079155527381,0.0041093625113689,0.0054553607732346,345.0,65.0,65.0,11.0,,13.0,10.0,3.0,3.0,5.0,1.0
2012,2,1,4507.0,193.0,58.0,58.475000000000016,58.475000000000016,,2012-02-01,0.0129742622587086,0.0428222764588418,0.0128688706456623,0.0129742622587086,,101.0,10.0,16.0,6.0,,,,2.0,1.0,,
2012,3,7,3285.5714285714284,109.71428571428572,78.0,12.92142857142855,16.824999999999996,37.20432722528006,2012-03-01,0.0039327796860733,0.0333927562067916,0.0237401626157659,0.0051208748206443,0.0113235484402348,212.0,83.0,112.0,22.0,2.0,8.0,2.0,,5.0,2.0,
2012,4,7,4953.142857142857,165.85714285714286,143.71428571428572,3.2357142857142667,5.15000000000001,28.5152256739815,2012-04-01,0.0006532648823257,0.0334852330410706,0.0290147669589294,0.001039743885556,0.00575699641549,308.0,111.0,116.0,27.0,3.0,12.0,6.0,1.0,4.0,9.0,
2012,5,3,4147.666666666667,151.33333333333334,120.0,9.191666666666665,11.000000000000004,6.576679126529844,2012-05-01,0.00221610544081,0.0364863778831471,0.0289319295989713,0.0026520935465723,0.0015856334790315,134.0,20.0,23.0,11.0,,3.0,2.0,1.0,,,
2012,6,4,5639.0,203.5,139.0,30.38124999999998,26.225,19.84480804265938,2012-06-01,0.0053877017201631,0.0360879588579535,0.0246497605958503,0.0046506472778861,0.0035192069591522,201.0,40.0,78.0,20.0,1.0,9.0,4.0,,2.0,2.0,
2012,7,3,2914.333333333333,112.0,53.0,27.79166666666666,27.85,7.1876775340393015,2012-07-01,0.0095362003888825,0.0384307445956765,0.0181859773533112,0.0095562164016927,0.0024663196388102,94.0,58.0,45.0,10.0,6.0,12.0,13.0,,3.0,1.0,
2012,8,5,4300.8,130.8,75.8,29.70999999999999,33.24999999999998,13.887827403881415,2012-08-01,0.0069080171130952,0.0304129464285714,0.0176246279761904,0.0077311197916666,0.0032291265355007,313.0,105.0,220.0,35.0,1.0,11.0,2.0,1.0,3.0,6.0,
2012,9,2,4644.0,160.0,107.0,35.43749999999999,35.43749999999999,29.61009646218666,2012-09-01,0.0076308139534883,0.0344530577088716,0.0230404823428079,0.0076308139534883,0.006375989763606,21.0,2.0,14.0,,,,,,1.0,,
2012,10,8,5556.375,168.875,107.25,27.125000000000007,18.712500000000013,19.208810292601225,2012-10-01,0.0048817799374592,0.030393017029988,0.0193021529324424,0.0033677532563946,0.0034570759339679,693.0,228.0,224.0,49.0,9.0,33.0,24.0,28.0,10.0,4.0,
2012,11,6,5661.5,197.0,115.16666666666669,31.45,25.900000000000023,27.49323553167212,2012-11-01,0.0055550649121257,0.0347964320409785,0.0203420765992522,0.0045747593393976,0.0048561751358601,563.0,184.0,125.0,41.0,5.0,21.0,7.0,7.0,2.0,8.0,
2012,12,4,4112.75,141.75,81.5,29.48125,29.537499999999984,15.92159664051734,2012-12-01,0.0071682572487994,0.034465989909428,0.019816424533463,0.0071819342289222,0.0038712775248963,105.0,44.0,49.0,7.0,,3.0,1.0,1.0,1.0,,
2013,1,3,7235.0,228.33333333333331,147.0,33.38333333333328,11.300000000000002,54.42111454512232,2013-01-01,0.004614144206404,0.031559548491131,0.0203178991015894,0.0015618521078092,0.0075219232266927,172.0,47.0,94.0,4.0,6.0,4.0,2.0,2.0,1.0,,
2013,2,6,5930.833333333333,190.83333333333331,135.0,21.566666666666663,19.149999999999995,18.652470792542925,2013-02-01,0.0036363636363636,0.0321764788534494,0.022762399887593,0.0032288885766474,0.0031449999931223,505.0,134.0,224.0,45.0,6.0,21.0,6.0,6.0,2.0,23.0,
2013,3,8,5647.375,174.375,124.625,24.796875,28.225000000000005,18.588660317804344,2013-03-01,0.0043908674384116,0.0308771774497,0.0220677748511476,0.0049978972531485,0.0032915576383371,661.0,177.0,267.0,59.0,6.0,25.0,8.0,9.0,5.0,15.0,2.0
2013,4,7,4906.0,173.85714285714286,110.85714285714286,28.764285714285723,26.650000000000023,22.22538834092134,2013-04-01,0.0058630831052355,0.0354376565138897,0.0225962378428746,0.0054321239298817,0.0045302462985979,585.0,135.0,160.0,29.0,2.0,14.0,3.0,4.0,6.0,8.0,
2013,5,7,4757.714285714285,170.28571428571428,105.85714285714286,31.274999999999995,26.39999999999999,20.110134261113217,2013-05-01,0.0065735347105452,0.0357914965169349,0.0222495796300744,0.005548883017055,0.0042268478209161,325.0,81.0,86.0,23.0,1.0,15.0,5.0,7.0,4.0,8.0,
2013,6,7,3725.714285714286,124.28571428571428,79.85714285714286,22.439285714285717,13.27500000000001,16.72243912346805,2013-06-01,0.0060228144171779,0.0333588957055214,0.0214340490797546,0.0035630751533742,0.0044883847340596,227.0,73.0,78.0,17.0,1.0,3.0,4.0,1.0,7.0,2.0,
2013,7,5,5156.8,173.8,89.4,40.585,35.875000000000014,25.154302564372536,2013-07-01,0.0078701908160099,0.0337030716723549,0.0173363326093701,0.0069568336953149,0.004877889886048,359.0,158.0,234.0,29.0,6.0,8.0,5.0,9.0,1.0,22.0,
2013,9,4,5637.25,181.5,131.5,23.36249999999999,15.699999999999996,17.279678575328493,2013-09-01,0.0041443079515721,0.0321965497361302,0.0233269768060667,0.0027850459000399,0.0030652673866386,191.0,50.0,70.0,13.0,,1.0,,1.0,1.0,1.0,
2013,10,9,3721.222222222222,133.0,81.55555555555556,24.1,16.849999999999994,20.703211556422826,2013-10-01,0.0064763667851064,0.0357409453285957,0.0219163357319876,0.0045280821713296,0.0055635515215372,359.0,92.0,104.0,18.0,7.0,18.0,5.0,33.0,4.0,5.0,
2013,11,8,4423.125,139.75,97.375,20.325,23.075000000000003,16.59645508620957,2013-11-01,0.0045951674438321,0.031595308746644,0.0220149780980641,0.0052168998163063,0.0037522012346948,652.0,193.0,232.0,56.0,11.0,15.0,7.0,2.0,4.0,10.0,
2013,12,4,3326.25,117.5,71.0,27.187499999999996,12.262500000000005,31.88605037211934,2013-12-01,0.008173618940248,0.03532506576475,0.0213453588876362,0.0036865839909808,0.009586185756368,67.0,10.0,27.0,1.0,,4.0,,1.0,3.0,3.0,
2014,1,4,7577.0,251.0,136.5,55.89375,47.3,41.30077872046322,2014-01-01,0.0073767652105054,0.0331265672429721,0.0180150455325326,0.0062425762175003,0.0054508088584483,292.0,69.0,143.0,24.0,11.0,4.0,3.0,1.0,3.0,1.0,
2014,2,2,5034.5,166.0,109.5,29.1625,29.1625,16.952885078947475,2014-02-01,0.0057925315324262,0.0329724898202403,0.0217499255139537,0.0057925315324262,0.0033673423535499,134.0,37.0,65.0,14.0,,1.0,3.0,,1.0,3.0,
2014,3,8,4033.125,136.625,83.5,23.234375000000007,18.725,23.394962589274897,2014-03-01,0.0057608864094219,0.033875716720905,0.0207035487370215,0.0046428017976135,0.0058007035708724,397.0,193.0,133.0,25.0,6.0,19.0,7.0,2.0,6.0,13.0,
2014,4,5,4393.0,119.8,83.8,18.75500000000001,16.975,10.644473331264454,2014-04-01,0.0042692920555429,0.0272706578647848,0.0190758024129296,0.0038641019804234,0.0024230533419677,299.0,86.0,113.0,32.0,,7.0,1.0,1.0,1.0,10.0,
2014,5,5,3163.8,114.6,58.2,19.235000000000007,19.0,4.284040149204955,2014-05-01,0.0060797142676528,0.0362222643656362,0.0183956002275744,0.0060054365004108,0.0013540805832242,258.0,51.0,57.0,18.0,1.0,1.0,2.0,11.0,3.0,1.0,
2014,6,5,4635.2,167.6,109.2,21.695000000000004,17.499999999999996,19.284914765173333,2014-06-01,0.0046804884363134,0.0361580945806006,0.0235588539868829,0.0037754573696927,0.004160535632804,231.0,34.0,57.0,13.0,2.0,16.0,1.0,2.0,1.0,3.0,
2014,7,4,6125.0,202.5,122.75,32.056249999999984,25.499999999999996,20.807664603458008,2014-07-01,0.0052336734693877,0.0330612244897959,0.0200408163265306,0.0041632653061224,0.0033971697311768,265.0,122.0,157.0,17.0,11.0,15.0,4.0,2.0,3.0,14.0,
2014,8,2,6821.5,221.0,174.5,17.0875,17.0875,13.770904563608005,2014-08-01,0.0025049475921718,0.032397566517628,0.0255808839698013,0.0025049475921718,0.0020187502108932,219.0,108.0,121.0,32.0,,5.0,7.0,,,28.0,
2014,9,7,2593.8571428571427,74.85714285714286,47.85714285714285,16.82857142857143,16.649999999999995,18.49085600918414,2014-09-01,0.0064878559233353,0.0288593930715426,0.018450184501845,0.0064190119513135,0.0071287102530312,197.0,54.0,29.0,5.0,1.0,4.0,1.0,1.0,4.0,3.0,
2014,10,7,4751.285714285715,147.85714285714286,84.85714285714286,39.60000000000002,22.40000000000004,41.16092655662653,2014-10-01,0.0083345861270633,0.0311193962536456,0.0178598274151357,0.0047145133648035,0.0086631133195942,418.0,225.0,271.0,43.0,3.0,14.0,,1.0,4.0,7.0,
2014,11,5,4368.4,162.6,111.2,17.765000000000008,17.200000000000003,20.1519974196108,2014-11-01,0.0040667063455727,0.0372218661294753,0.0254555443640692,0.0039373683728596,0.0046131300749956,351.0,122.0,94.0,25.0,4.0,2.0,3.0,5.0,2.0,8.0,
2014,12,4,3602.25,116.0,88.0,14.287500000000003,8.925,16.120567866341855,2014-12-01,0.0039662710805746,0.032202095912277,0.0244291762093136,0.0024776181553195,0.0044751385568302,124.0,36.0,33.0,4.0,,5.0,,1.0,2.0,,
2015,1,4,5511.25,189.0,104.0,36.61874999999999,24.025,35.861489180595925,2015-01-01,0.0066443638013154,0.0342934905874347,0.0188704921750963,0.0043592651394874,0.0065069610670167,132.0,39.0,22.0,5.0,,,,,1.0,3.0,
2015,2,4,3689.0,120.75,92.25,9.868750000000002,9.662500000000003,3.2541880067588806,2015-02-01,0.0026751829764163,0.0327324478178368,0.0250067769043101,0.0026192735158579,0.0008821328291566,435.0,46.0,81.0,19.0,,4.0,,2.0,1.0,7.0,
2015,3,7,5487.285714285715,171.57142857142858,106.14285714285714,25.417857142857137,23.049999999999983,25.34700308668048,2015-03-01,0.0046321366275285,0.0312670849496238,0.0193434172502668,0.004200619614173,0.004619224222404,624.0,171.0,222.0,56.0,3.0,7.0,4.0,6.0,6.0,8.0,
2015,4,6,4213.666666666667,124.33333333333331,76.0,21.04166666666667,20.1,16.312278095553264,2015-04-01,0.0049936713867573,0.0295071592437307,0.0180365477414761,0.0047701922316272,0.0038712787189826,259.0,80.0,172.0,34.0,1.0,11.0,2.0,2.0,4.0,38.0,
2015,5,6,3764.5,104.66666666666669,65.0,17.8125,21.499999999999996,16.959656172812,2015-05-01,0.0047317040775667,0.0278036038429184,0.0172665692655067,0.0057112498339752,0.0045051550465697,442.0,252.0,293.0,43.0,3.0,41.0,19.0,4.0,3.0,15.0,
2015,6,7,3991.285714285714,125.28571428571428,82.0,19.12857142857143,9.5,29.999386898497026,2015-06-01,0.004792583843373,0.0313898135223164,0.0205447582232721,0.0023801854039156,0.0075162213497075,218.0,117.0,82.0,12.0,7.0,21.0,13.0,,10.0,12.0,
2015,7,5,4459.8,141.2,100.2,17.205000000000005,9.649999999999991,24.775544898145032,2015-07-01,0.003857796313736,0.0316606125835239,0.0224673752186196,0.0021637741602762,0.0055553040266704,139.0,62.0,66.0,13.0,,6.0,1.0,7.0,4.0,6.0,
2015,8,2,3208.5,85.0,47.0,15.962500000000002,15.962500000000002,2.1389980130893047,2015-08-01,0.0049750662303256,0.0264921302789465,0.0146485896836527,0.0049750662303256,0.0006666660474019,116.0,39.0,32.0,7.0,1.0,2.0,,1.0,1.0,1.0,
2015,9,6,5905.833333333333,164.83333333333334,115.5,20.650000000000016,19.01250000000001,9.672512600146886,2015-09-01,0.003496542965994,0.0279102582192747,0.0195569352335261,0.0032192747283759,0.0016377896317449,424.0,142.0,219.0,36.0,4.0,7.0,1.0,2.0,4.0,8.0,4.0
2015,10,8,3494.0,106.25,68.25,19.640625,14.174999999999994,16.332717698249557,2015-10-01,0.0056212435603892,0.0304092730394962,0.0195334859759587,0.0040569547796222,0.0046745042067113,379.0,143.0,138.0,19.0,1.0,9.0,1.0,7.0,3.0,2.0,
2015,11,9,4105.333333333333,140.22222222222223,70.33333333333333,28.827777777777776,28.075000000000017,17.16329861781949,2015-11-01,0.0070220309624336,0.0341561112915448,0.0171321857746021,0.006838665151023,0.0041807320439638,569.0,346.0,206.0,52.0,6.0,46.0,38.0,,3.0,14.0,
2015,12,6,4564.666666666667,114.83333333333331,92.83333333333331,14.066666666666668,8.200000000000001,18.793301111477646,2015-12-01,0.003081641594859,0.0251570030670366,0.0203373740324229,0.0017964071856287,0.0041171245315052,339.0,137.0,223.0,27.0,5.0,7.0,1.0,3.0,5.0,8.0,
2016,1,4,5306.75,132.5,82.0,24.15625000000004,8.1375,34.33506695663591,2016-01-01,0.0045519856786168,0.0249682008762425,0.0154520186554859,0.001533424412305,0.0064700743311133,163.0,83.0,149.0,20.0,3.0,11.0,1.0,,4.0,4.0,
2016,2,5,3328.4,94.8,66.4,11.775,9.100000000000003,13.21833480435414,2016-02-01,0.0035377358490566,0.0284821535873092,0.0199495252974402,0.0027340463886552,0.0039713780808659,336.0,127.0,104.0,27.0,3.0,8.0,4.0,2.0,3.0,9.0,
2016,3,5,5981.2,143.4,117.0,17.440000000000005,11.249999999999998,11.548601105761684,2016-03-01,0.0029158028489266,0.0239751220490871,0.0195612920484183,0.001880893466194,0.001930816743423,423.0,210.0,307.0,37.0,8.0,19.0,2.0,3.0,11.0,12.0,2.0
2016,4,3,4947.666666666667,148.33333333333334,72.33333333333333,39.03333333333334,53.85,25.83661807074087,2016-04-01,0.007889240719531,0.0299804621707202,0.014619686047295,0.0108839183453479,0.0052219803417248,35.0,8.0,20.0,,2.0,1.0,1.0,,1.0,,
2016,5,3,5986.333333333333,196.33333333333331,94.33333333333331,37.12500000000002,46.90000000000004,34.97737661689338,2016-05-01,0.0062016259257196,0.0327969263322011,0.0157581157080015,0.0078345119438721,0.0058428715324171,296.0,110.0,185.0,32.0,3.0,6.0,2.0,7.0,2.0,7.0,2.0
2016,6,7,4185.285714285715,121.42857142857144,89.71428571428571,15.492857142857142,17.800000000000008,18.09926169238745,2016-06-01,0.0037017442058913,0.0290132095436392,0.0214356418745946,0.0042529951872205,0.0043244984758409,258.0,165.0,181.0,32.0,4.0,15.0,2.0,11.0,2.0,15.0,
2016,7,3,5134.0,156.0,96.0,32.583333333333314,24.250000000000004,29.15726038799481,2016-07-01,0.0063465783664459,0.0303856641994546,0.0186988702765874,0.0047234125438254,0.0056792482251645,38.0,9.0,31.0,7.0,,2.0,,,2.0,,
2016,8,2,5383.5,131.0,126.0,2.3000000000000003,2.3000000000000003,1.8738329701443528,2016-08-01,0.0004272313550664,0.0243336119624779,0.0234048481471161,0.0004272313550664,0.0003480696517403,213.0,54.0,94.0,33.0,1.0,4.0,1.0,1.0,,4.0,
2016,9,7,4766.714285714285,137.71428571428572,120.28571428571428,8.56785714285715,12.425,29.91412262030856,2016-09-01,0.001797434591063,0.0288908202715257,0.0252345131417268,0.0026066173165103,0.0062756273666245,337.0,92.0,131.0,28.0,5.0,34.0,3.0,1.0,5.0,1.0,
2016,10,7,4586.285714285715,133.28571428571428,71.14285714285714,24.5,21.42499999999998,12.630749515897042,2016-10-01,0.0053420134562671,0.0290617991527535,0.0155120857214054,0.0046715362571642,0.0027540258725167,520.0,288.0,504.0,70.0,5.0,14.0,2.0,4.0,2.0,23.0,1.0
2016,11,10,4447.9,123.1,78.8,20.87,9.837500000000002,24.20971109102936,2016-11-01,0.0046921018907799,0.027675981924054,0.0177162256345691,0.002211717889341,0.0054429530994467,638.0,288.0,348.0,60.0,11.0,51.0,24.0,8.0,8.0,16.0,
2016,12,5,5003.2,169.8,102.2,28.96500000000001,39.5,33.61747406483716,2016-12-01,0.0057892948512951,0.0339382795011192,0.0204269267668692,0.0078949472337703,0.0067191945284692,226.0,64.0,93.0,19.0,2.0,5.0,1.0,2.0,2.0,7.0,
2017,1,5,4207.4,128.6,89.0,16.45499999999998,21.199999999999992,12.614579858243374,2017-01-01,0.0039109663925464,0.0305651946570328,0.0211532062556448,0.0050387412653895,0.0029981888715699,331.0,116.0,214.0,33.0,3.0,9.0,2.0,1.0,4.0,9.0,
2017,2,4,6782.75,197.75,95.0,44.16874999999996,24.8625,52.585966818629394,2017-02-01,0.0065119236297961,0.0291548413254211,0.0140061184622756,0.0036655486344034,0.007752897691737,328.0,88.0,175.0,28.0,3.0,2.0,2.0,1.0,3.0,8.0,
2017,3,9,4576.0,145.77777777777777,65.11111111111111,38.2388888888889,30.700000000000028,21.75268342322645,2017-03-01,0.0083564005439005,0.0318570318570318,0.0142288267288267,0.006708916083916,0.0047536458529778,695.0,226.0,244.0,56.0,6.0,43.0,16.0,6.0,6.0,14.0,
2017,4,6,4498.666666666667,133.5,99.5,8.045833333333336,12.025000000000002,28.77615513175217,2017-04-01,0.0017884928867812,0.0296754593953764,0.0221176644931831,0.0026730142264374,0.0063965964282199,495.0,114.0,155.0,48.0,5.0,15.0,6.0,1.0,2.0,4.0,
2017,5,6,6529.5,177.5,89.33333333333333,38.25416666666666,35.8,20.01723892465358,2017-05-01,0.0058586670750695,0.0271843173290451,0.0136814967965898,0.0054828087908721,0.0030656618308681,604.0,326.0,458.0,83.0,11.0,29.0,10.0,5.0,7.0,23.0,1.0
2017,6,8,3894.75,106.5,73.75,15.859375,10.449999999999996,15.238408577740095,2017-06-01,0.0040719879324732,0.0273445022145195,0.0189357468386931,0.0026830990435843,0.0039125511464766,504.0,146.0,222.0,36.0,4.0,16.0,6.0,3.0,5.0,8.0,
2017,7,8,4614.5,132.0,86.0,20.934375000000003,35.0,23.3368383581318,2017-07-01,0.0045366507747318,0.0286054827175208,0.0186369054068696,0.0075847870841911,0.0050572842904175,409.0,227.0,320.0,38.0,16.0,15.0,2.0,1.0,3.0,11.0,1.0
2017,8,2,5251.0,190.0,129.0,13.75,13.75,20.576807332528546,2017-08-01,0.0026185488478385,0.036183584079223,0.0245667491906303,0.0026185488478385,0.0039186454642027,228.0,87.0,66.0,22.0,1.0,4.0,,1.0,,3.0,
2017,9,7,6538.285714285715,180.57142857142856,105.71428571428572,38.93571428571426,44.15000000000001,22.31227640944391,2017-09-01,0.0059550340849501,0.0276175493794791,0.016168502010138,0.0067525345219367,0.0034125575700512,775.0,327.0,462.0,65.0,19.0,40.0,2.0,2.0,9.0,10.0,
2017,10,7,3351.8571428571427,102.14285714285714,65.14285714285714,17.667857142857134,10.85,28.070319861783837,2017-10-01,0.0052710650811916,0.0304735114861697,0.0194348548778928,0.0032370114648595,0.0083745573469925,483.0,182.0,221.0,53.0,5.0,19.0,4.0,6.0,,14.0,
2017,11,7,3790.285714285714,115.42857142857144,49.71428571428572,33.47499999999999,40.025,18.65369154707274,2017-11-01,0.0088317880295492,0.0304537916478215,0.013116236996834,0.0105598899442183,0.0049214473401744,303.0,84.0,162.0,24.0,8.0,11.0,4.0,8.0,2.0,2.0,
2017,12,3,3691.3333333333335,117.66666666666669,52.333333333333336,35.72499999999997,30.02500000000001,30.674796250342027,2017-12-01,0.0096780747697308,0.0318764674011197,0.0141773523568719,0.0081339172837276,0.0083099502213315,53.0,19.0,15.0,3.0,,3.0,2.0,1.0,1.0,2.0,
2018,1,4,4482.75,167.0,57.75,46.49374999999994,19.28750000000001,67.90199547570982,2018-01-01,0.0103717026378896,0.0372539177959957,0.0128827170821482,0.0043026044280854,0.0151473973511147,76.0,11.0,19.0,1.0,,2.0,,2.0,2.0,,
2018,2,4,1973.0,81.0,43.75,17.33125,19.4125,9.085092528422592,2018-02-01,0.0087842118601115,0.0410542321338063,0.0221743537759756,0.0098390775468829,0.0046047098471477,89.0,38.0,63.0,9.0,,2.0,,,,2.0,
2018,3,5,4187.2,141.6,61.0,33.995000000000005,42.24999999999999,22.893437924435908,2018-03-01,0.0081187905999235,0.0338173481085212,0.0145682078716087,0.010090275124188,0.0054674813537533,223.0,91.0,92.0,28.0,3.0,22.0,2.0,7.0,1.0,1.0,
2018,4,4,3626.25,146.75,92.5,21.73125000000001,30.16250000000001,22.085915336476333,2018-04-01,0.0059927611168562,0.0404688038607376,0.0255084453636677,0.0083178214408824,0.0060905661045091,194.0,57.0,42.0,13.0,9.0,3.0,1.0,1.0,2.0,3.0,
2018,5,9,4214.444444444444,143.88888888888889,64.55555555555556,36.37777777777777,30.52500000000001,25.61851272897089,2018-05-01,0.0086316899551805,0.0341418402320063,0.0153176904824677,0.0072429475349327,0.0060787401676967,569.0,204.0,213.0,52.0,8.0,15.0,4.0,14.0,5.0,1.0,
2018,6,4,3698.0,125.5,65.0,28.44999999999998,20.425000000000008,28.999109181720243,2018-06-01,0.0076933477555435,0.0339372633856138,0.017577068685776,0.0055232558139534,0.0078418359063602,108.0,65.0,30.0,8.0,,4.0,4.0,,2.0,1.0,
2018,7,2,2658.0,82.5,55.5,6.449999999999997,6.449999999999997,14.849242404917495,2018-07-01,0.0024266365688487,0.0310383747178329,0.0208803611738149,0.0024266365688487,0.0055866224247244,117.0,17.0,9.0,,1.0,,,5.0,1.0,1.0,
2018,8,3,5527.666666666667,153.0,99.0,27.583333333333314,8.349999999999998,44.18479895092123,2018-08-01,0.0049900500512573,0.0276789483205692,0.0179099077368389,0.001510583127299,0.0079933906321391,149.0,61.0,109.0,23.0,1.0,2.0,1.0,,3.0,9.0,
2018,9,4,3641.0,106.0,60.75,28.787499999999987,17.825,29.82262494035915,2018-09-01,0.0079064817357868,0.0291128810766273,0.0166849766547651,0.0048956330678385,0.0081907786158635,127.0,61.0,96.0,21.0,4.0,8.0,3.0,,4.0,,
2018,10,7,3955.571428571429,119.0,64.42857142857143,23.625,27.2,20.169076990944983,2018-10-01,0.0059725883925024,0.0300841489400122,0.0162880566289862,0.0068763769005742,0.0050989034972954,473.0,159.0,166.0,50.0,8.0,15.0,2.0,2.0,4.0,10.0,
2018,11,7,4180.285714285715,143.57142857142858,93.0,22.91428571428572,7.199999999999999,27.299358421730275,2018-11-01,0.0054815118583828,0.0343448841500922,0.0222472831658806,0.0017223703096165,0.0065305006134957,413.0,54.0,74.0,29.0,3.0,9.0,,3.0,1.0,5.0,
2018,12,8,3729.875,124.125,59.125,30.434375,27.42500000000001,15.877797489733886,2018-12-01,0.0081596233117731,0.0332785951271825,0.0158517376587687,0.007352793324173,0.0042569248271681,434.0,119.0,132.0,26.0,10.0,14.0,81.0,3.0,6.0,4.0,
2019,1,6,4081.3333333333335,137.5,54.333333333333336,35.458333333333364,20.5875,49.06492807155303,2019-01-01,0.0086879287814439,0.0336899705978438,0.0133126429271479,0.0050443074158771,0.0120217889753886,228.0,35.0,29.0,8.0,2.0,4.0,,2.0,,1.0,
2019,2,11,2733.181818181818,92.45454545454544,32.90909090909091,29.161363636363635,28.20000000000001,12.458608287226358,2019-02-01,0.0106693830034924,0.0338267087976051,0.0120405787460502,0.0103176451022784,0.0045582800984363,687.0,214.0,368.0,70.0,7.0,27.0,15.0,2.0,7.0,5.0,3.0
2019,3,12,3724.4166666666665,129.91666666666666,66.16666666666667,30.175,29.112500000000004,24.55778436112004,2019-03-01,0.008101939901103,0.0348824200657821,0.0177656456268319,0.0078166603271205,0.0065937263628183,644.0,253.0,201.0,45.0,34.0,31.0,11.0,7.0,2.0,4.0,2.0
2019,4,6,3141.0,104.5,32.666666666666664,30.929166666666664,35.91250000000001,17.732945445319192,2019-04-01,0.0098469171176907,0.0332696593441579,0.0104000848986522,0.0114334606813116,0.005645636881668,483.0,150.0,257.0,30.0,8.0,7.0,1.0,,2.0,5.0,3.0
2019,5,13,4234.769230769231,117.46153846153848,62.38461538461539,26.771153846153847,16.4,26.75389933837108,2019-05-01,0.0063217503451282,0.0277374119014749,0.01473152655671,0.0038727021724914,0.0063176758591663,915.0,348.0,726.0,144.0,19.0,26.0,5.0,4.0,7.0,29.0,
2019,6,8,2807.125,88.75,46.25,20.059375,17.175,15.73793720316338,2019-06-01,0.0071458787905775,0.0316159772008727,0.0164759317807365,0.0061183595315491,0.0056064255076504,311.0,69.0,136.0,26.0,2.0,3.0,1.0,4.0,2.0,2.0,2.0
2019,7,7,4290.285714285715,132.28571428571428,84.71428571428571,22.3642857142857,9.249999999999998,28.82640520260479,2019-07-01,0.0052127730420884,0.0308337773042088,0.0197456046883324,0.0021560335641981,0.0067189942867019,396.0,139.0,284.0,47.0,4.0,13.0,7.0,,6.0,14.0,3.0
2019,8,3,3247.6666666666665,128.33333333333334,41.66666666666666,38.94166666666667,31.90000000000001,20.682002038809813,2019-08-01,0.0119906599609976,0.039515549625372,0.0128297239043415,0.0098224366211639,0.006368265022727,209.0,79.0,56.0,11.0,1.0,6.0,2.0,6.0,5.0,14.0,
2019,9,7,4566.571428571428,137.28571428571428,77.71428571428571,25.364285714285703,17.425000000000008,17.394179205645045,2019-09-01,0.0055543389851717,0.0300631921416505,0.0170180817118188,0.0038157730088218,0.0038090237890106,461.0,180.0,291.0,36.0,22.0,14.0,2.0,5.0,4.0,7.0,3.0
2019,10,14,2948.0714285714284,96.07142857142856,42.57142857142857,23.94285714285714,15.812499999999996,22.719047897362163,2019-10-01,0.0081215322365711,0.0325878903883895,0.0144404332129963,0.0053636760109514,0.0077064102576277,460.0,150.0,193.0,38.0,9.0,10.0,10.0,3.0,6.0,13.0,
2019,11,8,4673.5,123.625,67.0,25.250000000000004,23.725,11.884653970562209,2019-11-01,0.005402803038408,0.0264523376484433,0.0143361506365678,0.0050764951321279,0.0025429879042606,863.0,391.0,621.0,142.0,14.0,17.0,3.0,2.0,13.0,17.0,3.0
2019,12,3,4489.666666666667,132.33333333333334,72.66666666666667,29.541666666666647,18.599999999999987,32.81059597650326,2019-12-01,0.0065799242705471,0.0294750909495879,0.0161853144257183,0.0041428465364911,0.0073080249409391,71.0,19.0,28.0,6.0,1.0,2.0,,,1.0,,
2020,1,6,4840.166666666667,182.83333333333331,65.0,51.42499999999998,39.075,52.21261102454076,2020-01-01,0.0106246341379429,0.037774181329844,0.0134292896250129,0.0080730691091904,0.0107873580850261,199.0,66.0,38.0,9.0,1.0,3.0,2.0,3.0,3.0,1.0,
2020,2,8,3729.5,158.625,49.375,47.671875,42.062500000000014,30.46248992467153,2020-02-01,0.0127823769942351,0.0425325110604638,0.0132390400858023,0.0112783214908164,0.0081679822830598,549.0,150.0,176.0,36.0,4.0,15.0,3.0,5.0,4.0,4.0,
2020,3,6,2292.6666666666665,71.83333333333333,54.16666666666666,6.174999999999997,4.8125,5.707363664600323,2020-03-01,0.0026933701657458,0.0313317824949113,0.0236260540854899,0.0020990840360569,0.0024893996792382,99.0,26.0,35.0,5.0,,,2.0,1.0,,,
2020,4,3,4121.333333333333,141.33333333333334,103.0,10.041666666666664,7.500000000000002,7.397564351415483,2020-04-01,0.002436509220317,0.0342931090262051,0.0249919120025881,0.0018197994176641,0.0017949444398452,23.0,5.0,11.0,1.0,1.0,,,1.0,1.0,,
2020,5,5,1133.2,37.8,32.0,2.2700000000000005,1.95,2.185348942388835,2020-05-01,0.0020031768443346,0.0333568655135898,0.0282386163078009,0.0017207906812566,0.0019284759463367,111.0,29.0,46.0,8.0,6.0,3.0,,2.0,,4.0,
2020,6,5,3707.8,131.4,89.4,15.564999999999973,5.499999999999999,28.26781296810909,2020-06-01,0.004197907114731,0.0354388046820216,0.0241113328658503,0.0014833594044986,0.0076238774928823,103.0,22.0,30.0,7.0,1.0,2.0,1.0,2.0,,4.0,
2020,7,4,4336.5,132.5,104.0,9.568750000000003,6.375000000000014,18.56074907567041,2020-07-01,0.0022065605903378,0.0305545947192436,0.0239824743456704,0.0014700795572466,0.0042801220052278,107.0,23.0,45.0,5.0,2.0,6.0,,6.0,2.0,4.0,
2020,8,7,3832.285714285714,124.14285714285714,52.57142857142857,32.014285714285705,32.9,19.666171553493275,2020-08-01,0.0083538358309103,0.0323939461716245,0.013718034742414,0.0085849548945053,0.0051317080770317,744.0,248.0,455.0,63.0,17.0,19.0,2.0,11.0,8.0,7.0,
2020,9,6,5035.333333333333,185.66666666666663,91.66666666666669,44.3458333333333,31.687499999999982,37.020721956313366,2020-09-01,0.0088069310207864,0.0368727657884284,0.0182046868793856,0.0062930292598967,0.0073521889228743,459.0,99.0,120.0,25.0,6.0,14.0,6.0,4.0,1.0,3.0,
2020,10,11,2728.5454545454545,105.36363636363636,58.45454545454545,21.52727272727273,21.5,12.040766454764498,2020-10-01,0.0078896514959685,0.0386153128540014,0.0214233357766375,0.0078796561604584,0.0044128883521826,642.0,118.0,133.0,34.0,8.0,31.0,3.0,7.0,8.0,27.0,
2020,11,6,4625.0,148.33333333333334,78.83333333333333,34.52499999999997,35.825,25.662555406662023,2020-11-01,0.0074648648648648,0.032072072072072,0.017045045045045,0.0077459459459459,0.0055486606284674,411.0,91.0,209.0,32.0,8.0,66.0,14.0,4.0,4.0,3.0,
2020,12,7,3812.0,143.14285714285714,70.57142857142857,32.846428571428554,19.85,25.97439616145831,2020-12-01,0.0086165867186328,0.0375505921151251,0.0185129665717283,0.005207240293809,0.0068138499898893,350.0,69.0,140.0,39.0,4.0,4.0,4.0,2.0,1.0,4.0,
2021,1,7,4308.428571428572,148.0,73.0,34.27857142857141,21.225000000000016,45.29833612785767,2021-01-01,0.0079561656553599,0.0343512715938857,0.0169435326104976,0.0049263901322988,0.0105138881559403,378.0,77.0,162.0,36.0,5.0,7.0,,,3.0,3.0,1.0
2021,2,7,3369.5714285714284,112.85714285714286,75.57142857142857,12.342857142857152,9.675000000000004,19.44283133898432,2021-02-01,0.0036630347225166,0.0334930258193072,0.0224276084283715,0.0028712850298893,0.0057701199547585,407.0,87.0,187.0,53.0,5.0,30.0,3.0,7.0,,11.0,
2021,3,12,3525.1666666666665,116.83333333333331,62.333333333333336,25.07708333333332,20.29999999999999,21.333050165319968,2021-03-01,0.0071137298472885,0.0331426410098813,0.0176823790837312,0.0057585929743274,0.006051642995221,774.0,130.0,219.0,67.0,19.0,14.0,4.0,9.0,7.0,4.0,
2021,4,3,5413.0,172.0,89.33333333333333,38.20833333333328,28.67499999999997,36.32566528411185,2021-04-01,0.0070586242995258,0.0317753556253463,0.0165034792782806,0.0052974321078884,0.0067108193763369,184.0,66.0,105.0,19.0,10.0,1.0,,,1.0,1.0,
2021,5,9,3258.222222222222,100.33333333333331,51.888888888888886,22.18333333333333,16.499999999999996,11.54548071757949,2021-05-01,0.0068084163142818,0.0307938889646705,0.0159255217569226,0.0050641113081434,0.0035434908763543,542.0,194.0,205.0,35.0,14.0,27.0,4.0,3.0,7.0,8.0,
2021,6,6,4550.5,160.0,78.5,35.829166666666644,32.57500000000002,35.18832340658849,2021-06-01,0.0078736768853239,0.0351609713218327,0.0172508515547742,0.0071585540050543,0.0077328476885152,286.0,83.0,58.0,15.0,10.0,14.0,2.0,2.0,2.0,4.0,1.0
2021,7,4,4117.5,151.75,67.75,40.74999999999993,22.0,47.011186611982616,2021-07-01,0.0098967820279295,0.0368548876745598,0.0164541590771098,0.0053430479659987,0.011417410227561,84.0,7.0,16.0,3.0,2.0,4.0,2.0,,,1.0,
2021,8,5,2995.2,81.6,49.0,15.940000000000005,17.524999999999995,6.661212352117294,2021-08-01,0.0053218482905982,0.0272435897435897,0.0163595085470085,0.0058510283119658,0.0022239624573041,318.0,91.0,93.0,24.0,11.0,14.0,5.0,,2.0,6.0,
2021,9,6,3705.8333333333335,141.16666666666666,61.16666666666666,36.17916666666665,26.0625,33.55602560147231,2021-09-01,0.0097627614121879,0.03809309646953,0.016505509332134,0.0070328311221047,0.0090549203332059,217.0,30.0,44.0,12.0,4.0,6.0,6.0,1.0,3.0,,1.0
2021,10,10,3524.8,103.0,57.5,21.65000000000001,23.437500000000007,12.866305046731782,2021-10-01,0.0061421924648207,0.0292215161143894,0.0163129822968679,0.0066493134362233,0.0036502227209293,611.0,194.0,207.0,75.0,12.0,76.0,10.0,2.0,5.0,6.0,
2021,11,12,3232.4166666666665,104.16666666666669,46.66666666666666,27.024999999999995,18.975,23.36760335087096,2021-11-01,0.0083606177008945,0.0322256309778545,0.0144370826780788,0.0058702209389259,0.0072291433192516,734.0,207.0,212.0,50.0,23.0,57.0,3.0,13.0,11.0,11.0,1.0
2021,12,4,6289.25,223.25,127.75,43.18124999999992,44.84999999999989,50.90234676564521,2021-12-01,0.0068658822594108,0.0354970783479747,0.0203124378900504,0.0071312159637476,0.0080935480010565,286.0,55.0,43.0,10.0,4.0,6.0,2.0,4.0,2.0,2.0,
2022,1,4,4148.0,133.75,50.0,35.537499999999994,2.775,66.84885158574777,2022-01-01,0.008567381870781,0.0322444551591128,0.0120540019286403,0.0006689971070395,0.0161159237188398,33.0,1.0,10.0,5.0,2.0,,1.0,,,,
2022,2,4,2448.5,79.0,34.0,22.893750000000004,27.15,16.026597359285805,2022-02-01,0.0093501123136614,0.0322646518276495,0.0138860526853175,0.0110884214825403,0.0065454757440415,190.0,43.0,25.0,16.0,,7.0,,,1.0,3.0,
2022,3,5,3711.8,104.0,79.6,13.03,9.399999999999997,21.290119480641728,2022-03-01,0.0035104262083086,0.0280187510102915,0.0214451209655692,0.0025324640336225,0.0057357938144947,106.0,44.0,33.0,10.0,5.0,3.0,,,,4.0,
2022,4,1,4669.0,108.0,79.0,18.30000000000001,18.30000000000001,,2022-04-01,0.00391946883701,0.0231312914971085,0.0169201113728849,0.00391946883701,,53.0,23.0,28.0,12.0,2.0,9.0,,2.0,1.0,4.0,
2022,5,7,3126.0,95.71428571428572,63.57142857142857,14.08214285714286,14.300000000000002,18.605821861526486,2022-05-01,0.0045048441641531,0.0306187734210766,0.0203363495110136,0.0045745361484325,0.0059519583690103,201.0,61.0,73.0,10.0,5.0,13.0,13.0,1.0,3.0,4.0,
2022,6,6,3020.333333333333,89.0,56.16666666666666,17.375000000000004,16.475,9.8465095338399,2022-06-01,0.0057526763050435,0.0294669462531729,0.0185961814369274,0.0054546959496744,0.0032600737889327,159.0,36.0,54.0,14.0,,1.0,,1.0,1.0,3.0,
2022,7,5,3893.2,116.4,80.0,17.935000000000002,16.85,13.96739059380814,2022-07-01,0.0046067502311723,0.0298982841878146,0.020548648926333,0.0043280591801089,0.0035876375716141,183.0,46.0,63.0,13.0,3.0,24.0,,1.0,1.0,,
2022,8,5,2394.2,79.0,45.4,12.760000000000003,12.374999999999998,21.89248301358253,2022-08-01,0.0053295464038092,0.032996407985966,0.0189624926906691,0.0051687411243839,0.0091439658397721,165.0,51.0,51.0,15.0,3.0,12.0,2.0,3.0,2.0,4.0,
2022,9,8,3547.875,108.25,64.75,20.715625,17.3,21.744038335254103,2022-09-01,0.0058388824296233,0.0305112215058309,0.0182503611316633,0.0048761582637494,0.0061287498390597,231.0,112.0,72.0,15.0,5.0,7.0,6.0,2.0,3.0,2.0,
2022,10,7,2960.5714285714284,82.71428571428571,56.42857142857143,11.542857142857144,14.249999999999996,10.246744546904823,2022-10-01,0.0038988612237019,0.0279386218876664,0.0190600270218104,0.0048132599884192,0.0034610698623978,302.0,129.0,66.0,37.0,4.0,9.0,3.0,1.0,2.0,4.0,
2022,11,8,3438.375,89.25,74.75,10.325000000000005,15.062500000000004,20.316174942289567,2022-11-01,0.0030028719962191,0.0259570291198604,0.0217399207474461,0.0043807030937579,0.0059086559616939,253.0,96.0,114.0,34.0,4.0,21.0,3.0,2.0,4.0,5.0,1.0
2022,12,2,4766.0,113.5,104.5,10.837500000000006,10.837500000000006,13.346640494896093,2022-12-01,0.0022739194292908,0.0238145195132186,0.0219261435165757,0.0022739194292908,0.0028003861718204,17.0,2.0,12.0,,1.0,,,,,,
2023,1,6,2668.1666666666665,71.66666666666667,40.5,16.841666666666665,19.2125,18.35124428115616,2023-01-01,0.0063120744581173,0.0268598913111374,0.0151789618339683,0.0072006371416078,0.006877847816037,236.0,74.0,120.0,26.0,6.0,11.0,5.0,3.0,3.0,2.0,
2023,2,10,3292.6,97.4,60.7,16.427499999999995,12.15,15.898661063470437,2023-02-01,0.004989218246978,0.0295814857559375,0.0184352791107331,0.0036900929356739,0.0048286038581881,372.0,91.0,165.0,39.0,3.0,10.0,4.0,,2.0,4.0,1.0
2023,3,8,3827.375,118.375,64.0,23.70312499999997,8.4375,35.69750500860363,2023-03-01,0.0061930500669518,0.0309285084424703,0.0167216434240177,0.002204513537346,0.0093268898418899,483.0,84.0,132.0,27.0,4.0,6.0,6.0,3.0,5.0,,
2023,4,7,2768.714285714286,98.85714285714286,36.285714285714285,26.95357142857144,20.0,20.132645693476253,2023-04-01,0.0097350497910324,0.0357050719777101,0.0131056189051132,0.0072235694752592,0.0072714782443802,343.0,102.0,54.0,18.0,2.0,12.0,3.0,1.0,4.0,,
2023,5,13,3161.846153846154,110.15384615384616,63.61538461538461,20.007692307692317,9.550000000000002,19.372170182096347,2023-05-01,0.0063278513040093,0.0348384585441806,0.0201196963799143,0.0030203873102374,0.0061268541350538,406.0,168.0,181.0,45.0,2.0,24.0,13.0,,4.0,9.0,
2023,6,7,2941.5714285714284,101.0,59.0,15.753571428571432,10.6,15.99300907539648,2023-06-01,0.0053554951192268,0.0343353892477295,0.0200573065902578,0.0036035160992666,0.0054368929885763,175.0,84.0,64.0,23.0,1.0,2.0,3.0,,1.0,6.0,
2023,7,3,4266.0,117.66666666666669,80.33333333333333,12.60833333333334,8.275000000000004,11.126947395100483,2023-07-01,0.0029555399281137,0.0275824347554305,0.0188310673542741,0.0019397562119081,0.0026082858403892,50.0,12.0,21.0,4.0,1.0,,1.0,,,,
2023,8,4,1593.5,46.0,33.0,7.881250000000003,7.9875,7.901091037529778,2023-08-01,0.0049458738625666,0.0288672732977721,0.0207091308440539,0.0050125509883903,0.0049583250941511,67.0,27.0,32.0,10.0,,3.0,,,,,
2023,9,8,2306.625,78.625,35.75,21.834375,17.674999999999997,16.148086670717376,2023-09-01,0.00946594049748,0.0340865983850864,0.0154988348777976,0.0076627106703517,0.0070007420671836,203.0,62.0,111.0,30.0,2.0,9.0,,,4.0,2.0,
2023,10,14,2755.285714285714,102.21428571428572,35.92857142857143,28.275,24.775,19.722934229353008,2023-10-01,0.0102620936382019,0.0370975268315445,0.0130398714159796,0.0089918079535438,0.0071582174317141,647.0,211.0,298.0,53.0,8.0,14.0,4.0,8.0,6.0,11.0,1.0
2023,11,15,3396.133333333333,101.6,74.66666666666667,11.964999999999998,9.675,18.11459504298756,2023-11-01,0.0035231243374818,0.0299163754858466,0.0219857877586274,0.0028488280789917,0.0053338880618117,679.0,279.0,247.0,64.0,9.0,24.0,5.0,5.0,1.0,7.0,
2023,12,4,3296.0,93.75,54.5,20.38125,23.000000000000004,11.948698935449004,2023-12-01,0.0061836316747572,0.028443567961165,0.0165351941747572,0.0069781553398058,0.003625212055658,139.0,30.0,51.0,9.0,3.0,5.0,,1.0,2.0,,
2024,1,3,3155.0,83.33333333333333,50.66666666666666,16.733333333333334,4.550000000000001,24.783176417346773,2024-01-01,0.0053037506603275,0.0264131008980454,0.0160591653460116,0.0014421553090332,0.0078552064714252,19.0,,12.0,3.0,1.0,,,,,,
