Year,Month,Mean_File_Count,Mean_Word_Count,Mean_Positive,Mean_Negative,Mean_Sentiment_Score,Median_Sentiment_Score,StdDev_Sentiment_Score,Date,Mean_Sentiment_Score_Corrected,Mean_Positive_Corrected,Mean_Negative_Corrected,Median_Sentiment_Score_Corrected,StdDev_Sentiment_Score_Corrected
2000,2,11,30030.636363636364,984.5454545454545,416.3636363636364,298.6500000000003,337.55000000000007,112.69643960658223,2000-02-01,0.009944844204554753,0.03278470168343237,0.013864629151442315,0.011240188050384911,0.0037527156681582885
2000,3,5,21151.6,965.8,251.8,354.1500000000005,530.6000000000004,314.1319070072321,2000-03-01,0.016743414209799756,0.04566084835189773,0.01190453677263186,0.02508557272263093,0.014851448921463725
2000,5,4,20452.25,832.0,363.25,258.2375,297.09999999999997,208.54474889497152,2000-05-01,0.012626361402779646,0.040680120769108534,0.017760882054541675,0.014526519087142,0.010196665349532277
2000,6,4,23522.25,781.5,444.5,175.97499999999957,215.94999999999945,111.20192968949152,2000-06-01,0.007481214594692241,0.033223862513152444,0.01889700177491524,0.009180669366238325,0.0047275209509928485
2000,8,4,21179.0,819.0,356.5,257.9875000000005,284.55000000000064,188.89831645182417,2000-08-01,0.012181288068369637,0.03867038103782048,0.016832711648330893,0.0134354785400633,0.008919132936013228
2000,10,4,18164.5,623.0,360.75,161.6124999999998,153.27499999999998,161.21292015530244,2000-10-01,0.008897162046849615,0.034297668529274135,0.019860166808885464,0.00843816234963803,0.008875164202444462
2000,11,4,22368.75,874.5,453.25,240.71249999999992,273.8999999999997,168.73483326904784,2000-11-01,0.010761106454316844,0.03909471919530595,0.020262643196423583,0.012244761106454304,0.007543328673665173
2000,12,5,22482.0,835.4,444.4,185.58500000000012,248.60000000000025,148.946826292137,2000-12-01,0.008254826083088699,0.0371586157815141,0.019766924650831776,0.01105773507695046,0.00662515907357606
2001,1,13,28986.076923076922,1089.5384615384614,601.7692307692307,214.56730769230776,265.40000000000015,97.53202806461806,2001-01-01,0.007402426629230482,0.0375883381676614,0.020760630435301828,0.009156120047025235,0.003364788837187177
2001,3,5,21427.8,831.0,450.0,204.69500000000045,271.50000000000017,176.33844624755022,2001-03-01,0.009552777233313754,0.038781396130260694,0.02100075602721698,0.01267045613642092,0.008229423750807372
2001,4,1,1993.0,53.0,71.0,-3.35,-3.35,,2001-04-01,-0.0016808830908178625,0.026593075765178123,0.03562468640240843,-0.0016808830908178625,
2001,5,5,22160.2,831.8,574.0,184.02500000000052,216.12500000000065,162.32344832155385,2001-05-01,0.008304302307740928,0.037535762312614504,0.02590229330060198,0.009752845190927908,0.007324999247369331
2001,6,5,21543.0,792.8,548.8,142.79000000000002,162.3500000000002,132.97141915652395,2001-06-01,0.006628139070695819,0.03680081697070974,0.025474632131086663,0.007536090609478726,0.00617237242522044
2001,8,5,23478.2,873.8,531.2,174.385,195.09999999999997,141.51385930360308,2001-08-01,0.00742752851581467,0.03721750389723232,0.02262524384322478,0.008309836358835003,0.0060274577822662335
2001,9,1,1361.0,15.0,43.0,-10.85,-10.85,,2001-09-01,-0.007972079353416605,0.011021307861866276,0.03159441587068332,-0.007972079353416605,
2001,10,4,19827.0,732.0,729.25,10.287499999999973,4.974999999999996,26.54839527479322,2001-10-01,0.0005188631663892658,0.036919352398244815,0.03678065264538256,0.00025092046199626754,0.0013390021321830442
2001,11,4,22594.25,827.0,742.75,103.23125000000024,112.78750000000002,84.39044025391772,2001-11-01,0.004568916870442712,0.036602232868982156,0.03287340805735973,0.004991867399891567,0.003735040563591078
2001,12,4,23823.5,884.75,698.25,121.18750000000007,145.00000000000028,95.6006657490766,2001-12-01,0.005086888996159258,0.03713770017000021,0.02930929544357462,0.006086427267194169,0.004012872405359271
2002,1,9,31757.666666666668,1239.6666666666667,605.7777777777778,316.0833333333328,333.6749999999996,90.18070227326884,2002-01-01,0.00995297723384378,0.03903519360154503,0.01907500900919813,0.01050691171685576,0.0028396513893737627
2002,3,3,31701.333333333332,1433.6666666666667,638.3333333333334,388.7833333333327,403.3749999999999,33.395661519624355,2002-03-01,0.012263942631224744,0.04522417563930014,0.02013585127860027,0.012724228213324357,0.0010534465906678276
2002,5,4,19196.75,877.5,461.5,237.24999999999932,220.56249999999966,208.6005862487758,2002-05-01,0.012358862828343304,0.045710862515790436,0.024040527693489782,0.011489575058278077,0.010866453240719174
2002,6,7,25810.285714285714,1258.0,446.42857142857144,401.8499999999996,526.8500000000004,247.10920114731962,2002-06-01,0.01556937433581295,0.048740258590152324,0.01729653737159051,0.02041240479985832,0.009574059112819017
2002,8,6,26683.666666666668,1241.1666666666667,569.1666666666666,326.45833333333354,379.90000000000066,162.24040315737224,2002-08-01,0.012234388077600538,0.04651409726299484,0.021330152028082094,0.01423717380170144,0.006080139029769981
2002,9,5,25930.6,1088.4,541.6,290.62999999999954,350.82499999999976,157.6135854312689,2002-09-01,0.011207993644574346,0.041973575621080894,0.02088652017307737,0.013529382274224268,0.0060782853243376124
2002,11,7,28753.428571428572,1094.7142857142858,656.7142857142857,276.88214285714287,308.70000000000016,115.70882971411267,2002-11-01,0.00962953486292318,0.03807247831314527,0.022839512306606913,0.01073611097310135,0.004024175044957563
2002,12,5,23821.8,1050.2,612.8,260.0450000000004,297.9250000000002,155.40845014026792,2002-12-01,0.010916261575531674,0.04408566942884249,0.025724336532084058,0.012506401699283857,0.006523791239128358
2003,1,9,28995.11111111111,1123.111111111111,535.5555555555555,308.1138888888895,341.5500000000002,119.08489232417847,2003-01-01,0.010626408283388792,0.03873449930256442,0.01847054675884057,0.011779572035132366,0.004107067976661224
2003,3,3,21969.333333333332,894.3333333333334,583.3333333333334,176.00833333333313,233.2749999999999,131.67195585367932,2003-03-01,0.008011546398009337,0.04070825999878619,0.026552163622018576,0.010618210232445222,0.005993443399299599
2003,5,2,4343.0,109.5,76.5,19.550000000000008,19.550000000000008,16.617009357883873,2003-05-01,0.004501496661294038,0.025212986414920563,0.017614552152889706,0.004501496661294038,0.0038261591890130955
2003,6,5,23006.8,988.4,524.0,279.83500000000095,364.9000000000012,210.09240496743425,2003-06-01,0.012163143070744344,0.04296121146791383,0.02277587495870786,0.015860528191665127,0.009131752567390261
2003,8,4,19999.75,785.0,341.25,197.17499999999995,198.06250000000009,179.4592235486008,2003-08-01,0.009858873235915448,0.03925049063113289,0.01706271328391605,0.009903248790609886,0.0089730733408468
2003,9,4,20709.0,932.25,438.75,288.68750000000034,302.20000000000044,256.0417849199622,2003-09-01,0.013940195084262898,0.04501665942343908,0.0211864406779661,0.014592689168960378,0.012363792791538085
2003,10,4,19028.5,796.0,371.75,248.86250000000064,246.1875000000003,241.2470142302292,2003-10-01,0.013078408702735404,0.04183198885881704,0.019536484746564366,0.01293783009695984,0.012678193984298773
2003,12,4,24349.0,893.25,521.25,217.80000000000086,281.3500000000011,141.2938250596967,2003-12-01,0.008944925869645607,0.03668528481662491,0.021407449997946526,0.011554889317836508,0.005802859462799158
2004,1,2,16352.0,535.5,165.5,172.33750000000015,172.33750000000015,227.17573112570827,2004-01-01,0.01053923067514678,0.032748287671232876,0.010121086105675147,0.01053923067514678,0.013892840699957698
2004,3,3,22472.333333333332,893.6666666666666,446.6666666666667,219.40000000000086,298.4000000000014,180.42464493522016,2004-03-01,0.00976311612797963,0.03976741771363306,0.01987629232982779,0.013278549920643224,0.008028745491577206
2004,5,2,3645.0,140.0,55.5,38.437499999999986,38.437499999999986,30.03436053089857,2004-05-01,0.01054526748971193,0.038408779149519894,0.015226337448559672,0.01054526748971193,0.008239879432345287
2004,6,2,3787.5,131.5,37.5,41.77499999999998,41.77499999999998,32.77439930799643,2004-06-01,0.011029702970297024,0.03471947194719472,0.009900990099009901,0.011029702970297024,0.008653306747985857
2004,8,3,23343.0,832.6666666666666,409.0,225.53333333333413,325.75000000000125,177.05575628409704,2004-08-01,0.009661711576632571,0.03567093632637907,0.0175213125990661,0.01395493295634671,0.0075849614995543435
2004,9,2,3502.5,91.5,47.0,21.062500000000007,21.062500000000007,14.796209396328516,2004-09-01,0.006013561741613135,0.026124197002141327,0.013418986438258387,0.006013561741613135,0.0042244709197226315
2004,11,2,2717.0,83.5,48.5,21.874999999999996,21.874999999999996,21.036426740299785,2004-11-01,0.00805115936694884,0.030732425469267573,0.01785057048214943,0.00805115936694884,0.007742519963305037
2004,12,2,3739.5,106.0,50.0,29.950000000000017,29.950000000000017,17.253405460951754,2004-12-01,0.008009092124615595,0.028346035566252172,0.013370771493515177,0.008009092124615595,0.0046138268380670555
2005,2,2,5235.5,146.5,60.5,44.31249999999997,44.31249999999997,45.20180098735,2005-02-01,0.008463852545124625,0.027982045649890173,0.011555725336644064,0.008463852545124625,0.008633712345974596
2005,3,2,3226.0,98.5,48.5,27.0625,27.0625,22.71580534561783,2005-03-01,0.008388871667699938,0.030533168009919405,0.015034097954122753,0.008388871667699938,0.007041477168511417
2005,5,2,3216.5,93.5,46.5,22.599999999999994,22.599999999999994,15.273506473629421,2005-05-01,0.007026270791232705,0.029068863671692834,0.014456707601430125,0.007026270791232705,0.0047484863900604446
2005,6,2,3285.5,77.5,52.0,18.83750000000001,18.83750000000001,5.992729970555992,2005-06-01,0.005733526099528233,0.023588494901841426,0.015827119159945214,0.005733526099528233,0.0018239932949493203
2005,8,2,2603.5,74.0,34.5,20.850000000000016,20.850000000000016,15.344217151748099,2005-08-01,0.008008450163241795,0.028423276358747838,0.013251392356443249,0.008008450163241795,0.005893688170442903
2005,9,1,3978.0,114.0,85.0,16.25000000000001,16.25000000000001,,2005-09-01,0.004084967320261441,0.02865761689291101,0.021367521367521368,0.004084967320261441,
2005,11,1,4174.0,107.0,78.0,17.575000000000006,17.575000000000006,,2005-11-01,0.004210589362721611,0.025634882606612362,0.018687110685194058,0.004210589362721611,
2005,12,1,4215.0,129.0,56.0,41.05,41.05,,2005-12-01,0.009739027283511269,0.030604982206405694,0.0132858837485172,0.009739027283511269,
2006,1,3,3521.3333333333335,110.0,38.333333333333336,32.32499999999998,36.325,27.593307612535302,2006-01-01,0.009179761453994694,0.03123816736084816,0.010886028019689511,0.010315694812570997,0.007836039647634031
2006,2,5,3137.2,127.2,55.0,35.15999999999997,29.65000000000001,20.52057351781374,2006-02-01,0.011207446130307271,0.040545709549917125,0.01753155680224404,0.009451102894300654,0.00654104727713048
2006,3,11,3619.5454545454545,139.45454545454547,77.36363636363636,29.074999999999992,28.55000000000002,14.349211650819008,2006-03-01,0.008032776591736781,0.038528192892126084,0.021373854075097325,0.00788773075474068,0.003964368407861587
2006,4,11,3417.090909090909,138.54545454545453,70.63636363636364,27.597727272727276,19.974999999999984,21.179254161045943,2006-04-01,0.008076380759816964,0.04054485474087474,0.020671490901351498,0.005845615622007019,0.006198036494932036
2006,5,12,3496.75,151.41666666666666,73.41666666666667,31.847916666666674,39.51250000000003,25.309523581085337,2006-05-01,0.00910786206239127,0.043302113867639,0.020995686470770478,0.011299778365625233,0.007238013464241177
2006,6,15,7853.933333333333,293.93333333333334,141.06666666666666,69.05,28.200000000000006,104.42895098377377,2006-06-01,0.008791773124294409,0.0374249845088236,0.017961276303168686,0.0035905575974670874,0.01329638877128748
2006,7,3,4512.666666666667,184.66666666666666,92.0,38.90000000000003,38.57500000000003,7.892520193195573,2006-07-01,0.008620180233417053,0.04092184960850938,0.020387058649726692,0.008548160732752259,0.0017489703486177218
2006,8,4,3584.5,101.25,38.75,31.693749999999987,38.837499999999984,19.333739668862126,2006-08-01,0.008841888687404098,0.028246617380387782,0.010810433812247175,0.010834844469242568,0.005393706142798752
2006,9,5,3103.8,101.2,35.2,31.79000000000001,30.52499999999999,28.318989874287553,2006-09-01,0.010242283652297186,0.03260519363361041,0.011340936916038404,0.009834718731877051,0.009123973798017769
2006,10,8,3593.25,142.625,86.0,25.415625000000006,24.525000000000006,11.883534057528035,2006-10-01,0.007073158004591944,0.03969247895359354,0.02393376469769707,0.006825297432686288,0.0033071826501156433
2006,11,8,4108.125,140.25,65.25,33.103125000000006,33.30000000000001,11.257080609078256,2006-11-01,0.008057964399817437,0.03413966225467823,0.015883158375171156,0.008105887722501143,0.0027401991441541474
2006,12,5,3301.8,107.2,50.8,29.395000000000003,24.424999999999997,32.505645663484366,2006-12-01,0.008902719728632867,0.03246713913622872,0.015385547277242714,0.007397480162335694,0.009844825750646425
2007,1,7,4343.428571428572,153.42857142857142,85.14285714285714,25.83214285714286,21.54999999999999,27.40226463529716,2007-01-01,0.005947408235758453,0.03532429943428496,0.019602683857387185,0.00496151822128667,0.006308901869723725
2007,2,3,5397.0,185.33333333333334,114.66666666666667,26.125000000000004,30.60000000000003,13.72117433020949,2007-02-01,0.004840652214193071,0.03434006546847014,0.02124637144092397,0.005669816564758205,0.002542370637429959
2007,3,13,4664.846153846154,147.0,80.76923076923077,31.680769230769233,39.59999999999998,22.377204625667044,2007-03-01,0.0067913856504460525,0.031512293257259696,0.017314446844648185,0.008489025938690364,0.004796986628855293
2007,4,5,4074.4,151.4,91.2,27.314999999999998,18.349999999999977,16.14263183313055,2007-04-01,0.00670405458472413,0.037158845474180247,0.022383663852346358,0.004503730610642052,0.00396196540180899
2007,5,12,4176.333333333333,145.75,73.91666666666667,31.97916666666667,34.0,18.797926122717676,2007-05-01,0.0076572352143028195,0.0348990342405619,0.017698938462766385,0.00814111261872456,0.004501059810691438
2007,6,8,4062.875,134.25,69.75,27.771874999999987,18.874999999999996,25.155003185606166,2007-06-01,0.006835522874811552,0.03304310371350337,0.017167646063440296,0.004645725009999076,0.0061914292676014315
2007,7,2,5405.0,235.5,85.5,60.27499999999998,60.27499999999998,17.218050121892368,2007-07-01,0.011151711378353373,0.04357076780758557,0.01581868640148011,0.011151711378353373,0.003185578190914407
2007,8,6,2903.8333333333335,99.83333333333333,45.5,22.729166666666675,17.124999999999996,26.805337232847265,2007-08-01,0.007827297250760491,0.03437984273661252,0.01566894335074327,0.005897377030362164,0.009231017815363805
2007,9,10,4696.5,142.8,84.7,26.4075,20.150000000000002,22.7969876482252,2007-09-01,0.005622804215905461,0.030405621207282022,0.0180347066964761,0.0042904290429042905,0.004854037612738252
2007,10,12,4348.583333333333,137.75,89.41666666666667,19.34583333333333,19.5125,16.982192656551828,2007-10-01,0.004448766839775405,0.031676982925473815,0.02056225207443037,0.0044870934978824524,0.0039052241511339314
2007,11,11,3969.909090909091,155.27272727272728,81.0,29.07500000000001,30.15000000000001,24.291971410324027,2007-11-01,0.007323845290709659,0.03911241384048181,0.020403489889853212,0.0075946323478898094,0.006119024605866045
2007,12,4,22285.25,739.25,473.0,136.8812499999997,158.42499999999987,106.47785249955312,2007-12-01,0.006142235335031005,0.03317216544575448,0.021224801157716428,0.007108962205943387,0.004777951896413687
2008,1,7,6472.0,192.28571428571428,121.28571428571429,28.03214285714282,24.050000000000008,45.826879199252126,2008-01-01,0.004331295249867555,0.029710400847607274,0.01874006710224263,0.00371600741656366,0.00708079097639866
2008,2,7,4179.0,147.14285714285714,96.0,20.189285714285724,15.424999999999988,15.9358927761023,2008-02-01,0.004831128431272008,0.035210063925067515,0.02297200287150036,0.003691074419717633,0.0038133268188806652
2008,3,12,4140.333333333333,129.0,84.08333333333333,20.13958333333333,19.787499999999994,10.992670380000174,2008-03-01,0.00486424200950004,0.03115691168182916,0.02030834876418968,0.004779204572900732,0.0026550206215280995
2008,4,10,4566.8,174.9,93.1,36.98,33.40000000000002,23.821599092700147,2008-04-01,0.008097573793465884,0.03829815187877726,0.0203862660944206,0.007313655075764216,0.0052162562609924116
2008,5,10,4467.0,168.0,110.7,22.072500000000012,19.450000000000014,15.00955922256066,2008-05-01,0.004941235728676967,0.03760913364674278,0.02478173270651444,0.004354152675173498,0.0033600983260713368
2008,6,10,3639.7,135.3,61.6,31.869999999999997,34.07499999999999,16.63104443169125,2008-06-01,0.0087562161716625,0.037173393411544915,0.01692447179712614,0.009362035332582353,0.004569344844819972
2008,7,5,4541.4,165.8,79.4,39.079999999999984,39.19999999999999,24.42791308114549,2008-07-01,0.008605275906108246,0.036508565640551376,0.017483595367067426,0.00863169947593253,0.005378938891343087
2008,8,3,3563.0,124.66666666666667,83.33333333333333,15.075000000000003,21.7,11.713800621489169,2008-08-01,0.004230985124894752,0.03498924127607821,0.02338853026475816,0.006090373280943025,0.003287622964212509
2008,9,5,2463.6,78.4,46.0,15.735000000000003,15.399999999999997,11.880388251231526,2008-09-01,0.006386994641987337,0.03182334794609515,0.018671862315310928,0.006251014775125831,0.004822368993031144
2008,10,9,3313.1111111111113,125.22222222222223,72.44444444444444,24.247222222222224,20.6,18.957095655570352,2008-10-01,0.007318565966865652,0.03779596217050104,0.021865986987725534,0.006217720839761218,0.005721841199950807
2008,11,3,4676.0,158.0,128.66666666666666,12.483333333333336,8.6,8.839730388045401,2008-11-01,0.0026696606786427153,0.03378956372968349,0.027516395779868832,0.0018391787852865696,0.001890447046203037
2008,12,9,3712.8888888888887,126.0,82.77777777777777,17.288888888888895,15.124999999999996,12.46009324247259,2008-12-01,0.004656451999042376,0.03393583911898492,0.02229470912137898,0.004073647354560689,0.0033559025371754044
2009,1,3,13364.666666666666,423.0,250.33333333333334,77.775,37.45000000000001,96.71279323336702,2009-01-01,0.005819449294158728,0.031650621040554695,0.018730982191849155,0.00280216491245573,0.0072364538260114
2009,2,4,4949.25,158.0,99.5,24.23750000000001,30.250000000000007,17.9022985023339,2009-02-01,0.004897206647471841,0.031924028893266655,0.020104056170126786,0.006112037177350105,0.0036171740167366567
2009,3,6,4189.166666666667,138.5,86.83333333333333,22.075000000000006,21.1125,12.197141058461208,2009-03-01,0.005269544459916452,0.03306146807240899,0.02072806843047543,0.005039785160135269,0.002911591261220101
2009,4,9,4595.777777777777,169.0,119.55555555555556,26.36666666666667,28.724999999999994,13.639195586617271,2009-04-01,0.005737150041100528,0.036772883322856734,0.0260142159470045,0.006250302209757748,0.002967766555765085
2009,5,4,4089.0,161.75,71.5,36.25625000000003,40.80000000000001,11.854453716501121,2009-05-01,0.008866776718023973,0.039557348985081925,0.017485937882122767,0.009977989728539988,0.0028991082701152167
2009,6,10,4071.9,136.6,95.3,16.522499999999997,12.412499999999994,13.849987214193861,2009-06-01,0.004057688057172327,0.03354699280434195,0.02340430757140401,0.0030483312458557416,0.0034013574042078294
2009,7,2,2539.5,89.5,72.5,6.8875,6.8875,24.16537424705027,2009-07-01,0.002712148060641859,0.03524315810198858,0.028548926954124827,0.002712148060641859,0.009515800057905206
2009,8,5,5323.6,191.8,136.2,18.250000000000007,25.00000000000002,17.07081756975922,2009-08-01,0.0034281313396949445,0.03602825155909535,0.025584191148846643,0.004696070328349241,0.0032066303948003645
2009,9,7,3003.4285714285716,113.0,65.42857142857143,24.589285714285715,18.350000000000005,18.25820510267721,2009-09-01,0.008187071917808219,0.03762366818873668,0.02178462709284627,0.006109684170471843,0.006079120800929436
2009,10,8,4470.5,153.5,115.5,9.615625000000007,4.887500000000005,20.265641831417177,2009-10-01,0.0021509059389330067,0.03433620400402639,0.02583603623755732,0.0010932781568057275,0.004533193564795253
2009,11,7,5177.571428571428,223.0,124.14285714285714,44.66785714285714,31.37500000000001,41.65091964342273,2009-11-01,0.008627183180200313,0.04307038600557349,0.02397704384294898,0.00605979085616533,0.00804448962569211
2009,12,5,4395.8,162.0,93.4,35.705000000000005,35.60000000000003,21.199590208303565,2009-12-01,0.008122526047590882,0.036853360025478864,0.02124755448382547,0.008098639610537337,0.004822692162587826
2010,1,6,5338.166666666667,168.5,106.5,27.96249999999999,21.60000000000001,29.11387448451337,2010-01-01,0.005238221611664427,0.03156514408817009,0.019950669705579318,0.0040463330107090465,0.005453908860941029
2010,2,4,3175.25,133.75,86.0,15.612500000000002,19.324999999999996,15.979016187905104,2010-02-01,0.004916935674356351,0.04212266750649555,0.02708448153688686,0.006086134950003936,0.005032364754871303
2010,3,8,3926.25,154.5,98.125,23.628124999999997,23.587500000000002,12.269790409637343,2010-03-01,0.006017987901942056,0.039350525310410694,0.024992040751353074,0.006007640878701051,0.0031250660069117716
2010,4,11,2760.818181818182,114.0909090909091,63.63636363636363,23.765909090909087,19.69999999999999,19.307628909084325,2010-04-01,0.00860828476406862,0.041325035397938685,0.02304982054068293,0.00713556587309427,0.006993444565179215
2010,5,8,3745.375,153.75,71.625,39.02187500000001,29.375000000000007,32.044838668151506,2010-05-01,0.010418683042418986,0.041050629109234724,0.019123585755765445,0.007843006374528587,0.008555842517278379
2010,6,8,3406.625,127.25,72.875,23.471874999999997,19.4125,22.46674303077137,2010-06-01,0.006890067148570799,0.03735368583275236,0.021392140314827727,0.00569845521593953,0.006595015016554909
2010,7,3,2117.0,83.33333333333333,22.666666666666668,24.458333333333332,27.725000000000005,15.731463960271892,2010-07-01,0.011553298693119194,0.039363879703983626,0.010706975279483546,0.013096362777515354,0.007431017458796359
2010,8,4,4523.5,162.75,107.75,35.968749999999986,32.637499999999974,28.302233237855965,2010-08-01,0.007951530894219076,0.03597877749530231,0.02382005084558417,0.0072150989278213715,0.006256711227557415
2010,9,7,3382.4285714285716,119.85714285714286,78.85714285714286,14.814285714285713,13.175,16.207199127900807,2010-09-01,0.0043797778434767915,0.03543523250411792,0.023313764412721205,0.0038951302952232123,0.004791586514140543
2010,10,6,4191.166666666667,143.5,100.66666666666667,18.124999999999996,17.387500000000014,9.39789870130553,2010-10-01,0.004324571519465541,0.0342386765816996,0.024018769634548853,0.0041486061955700515,0.0022423109002200335
2010,11,7,3778.0,151.14285714285714,97.57142857142857,24.503571428571423,19.3,23.22424841164324,2010-11-01,0.00648585797474098,0.040006050064281935,0.025826211903501473,0.005108523028057173,0.006147233565813457
2010,12,4,3829.25,131.5,80.75,22.574999999999996,16.825000000000003,18.795500348044282,2010-12-01,0.005895410328393288,0.03434092838023112,0.021087680355160933,0.004393810798459229,0.004908402519565001
2011,1,4,6080.25,203.5,122.75,42.11249999999998,30.937499999999996,40.03589275054736,2011-01-01,0.006926113235475513,0.03346901854364541,0.020188314625221002,0.005088195386702849,0.006584580033805742
2011,2,6,4011.1666666666665,128.66666666666666,81.16666666666667,23.95416666666667,23.550000000000004,10.783777360770511,2011-02-01,0.005971870195703661,0.03207711804545643,0.02023517679810529,0.005871109818423569,0.002688439114331785
2011,3,7,3741.714285714286,142.28571428571428,88.71428571428571,24.77857142857142,12.400000000000002,32.62525998801714,2011-03-01,0.006622251069028709,0.03802687843616371,0.023709529627367134,0.0033139890042761153,0.00871933490822083
2011,4,8,4128.375,145.75,85.625,30.118749999999988,34.92499999999996,22.41664619843284,2011-04-01,0.0072955460683683014,0.035304447875980256,0.020740606170708813,0.008459745057074506,0.005429895830304379
2011,5,6,3684.6666666666665,145.83333333333334,46.5,42.42083333333334,32.77500000000001,26.214568548169286,2011-05-01,0.011512800796091915,0.039578433146372355,0.012619866111814728,0.008894970146553287,0.0071145020485351785
2011,6,8,4328.5,144.0,102.875,14.421875,12.600000000000001,10.90730781812293,2011-06-01,0.0033318412845096453,0.03326787570751993,0.023766893843132724,0.002910939124407994,0.0025198816722012086
2011,8,3,3996.0,133.33333333333334,100.66666666666667,18.616666666666667,23.824999999999992,10.347352721026445,2011-08-01,0.004658825492158826,0.033366700033366704,0.02519185852519186,0.00596221221221221,0.002589427607864476
2011,9,8,4207.875,155.5,98.0,27.78125,14.462499999999999,31.79562175048633,2011-09-01,0.006602204200457476,0.03695451979918605,0.023289665211062592,0.0034370079909693133,0.007556218221902107
2011,10,5,5181.8,181.6,133.6,16.469999999999978,18.649999999999995,31.930566272773838,2011-10-01,0.0031784322050252764,0.035045737002585974,0.025782546605426684,0.0035991354355629306,0.006162060726537851
2011,11,8,3799.625,146.875,86.625,22.81875,25.23749999999999,16.036140823153183,2011-11-01,0.006005526861203409,0.038655130440504,0.022798302464058954,0.006642102839095961,0.004220453550851251
2011,12,2,4416.5,142.0,85.5,27.862499999999994,27.862499999999994,26.322049929669223,2011-12-01,0.006308728631269103,0.03215215668515793,0.019359221102683122,0.006308728631269103,0.0059599343212202475
2012,1,7,5183.285714285715,178.85714285714286,112.0,28.44285714285713,21.3,28.276693562181602,2012-01-01,0.005487418350191547,0.03450651820411763,0.021607915552738194,0.00410936251136896,0.005455360773234606
2012,2,1,4507.0,193.0,58.0,58.475000000000016,58.475000000000016,,2012-02-01,0.012974262258708678,0.042822276458841804,0.012868870645662302,0.012974262258708678,
2012,3,7,3285.5714285714284,109.71428571428571,78.0,12.92142857142855,16.824999999999996,37.20432722528006,2012-03-01,0.003932779686073301,0.0333927562067916,0.023740162615765902,0.005120874820644375,0.011323548440234811
2012,4,7,4953.142857142857,165.85714285714286,143.71428571428572,3.2357142857142667,5.15000000000001,28.5152256739815,2012-04-01,0.0006532648823257923,0.03348523304107061,0.0290147669589294,0.0010397438855560704,0.005756996415490036
2012,5,3,4147.666666666667,151.33333333333334,120.0,9.191666666666665,11.000000000000004,6.576679126529844,2012-05-01,0.002216105440810093,0.03648637788314715,0.02893192959897131,0.0026520935465723706,0.0015856334790315463
2012,6,4,5639.0,203.5,139.0,30.38124999999998,26.225,19.84480804265938,2012-06-01,0.005387701720163146,0.03608795885795354,0.024649760595850327,0.004650647277886151,0.003519206959152222
2012,7,3,2914.3333333333335,112.0,53.0,27.79166666666666,27.85,7.1876775340393015,2012-07-01,0.009536200388882532,0.03843074459567654,0.01818597735331122,0.009556216401692783,0.002466319638810237
2012,8,5,4300.8,130.8,75.8,29.70999999999999,33.24999999999998,13.887827403881417,2012-08-01,0.006908017113095235,0.03041294642857143,0.017624627976190476,0.007731119791666662,0.003229126535500701
2012,9,2,4644.0,160.0,107.0,35.43749999999999,35.43749999999999,29.61009646218666,2012-09-01,0.007630813953488371,0.034453057708871665,0.023040482342807925,0.007630813953488371,0.006375989763606086
2012,10,8,5556.375,168.875,107.25,27.125000000000007,18.712500000000013,19.208810292601225,2012-10-01,0.004881779937459226,0.030393017029988076,0.019302152932442463,0.003367753256394684,0.0034570759339679603
2012,11,6,5661.5,197.0,115.16666666666667,31.45,25.900000000000023,27.493235531672116,2012-11-01,0.005555064912125761,0.03479643204097854,0.02034207659925226,0.00457475933939769,0.004856175135860129
2012,12,4,4112.75,141.75,81.5,29.481249999999996,29.537499999999984,15.92159664051734,2012-12-01,0.0071682572487994645,0.034465989909428,0.019816424533463012,0.00718193422892225,0.0038712775248963198
2013,1,3,7235.0,228.33333333333334,147.0,33.383333333333276,11.300000000000002,54.421114545122315,2013-01-01,0.004614144206404046,0.03155954849113108,0.020317899101589494,0.001561852107809261,0.007521923226692787
2013,2,6,5930.833333333333,190.83333333333334,135.0,21.566666666666666,19.149999999999995,18.652470792542925,2013-02-01,0.0036363636363636364,0.03217647885344949,0.02276239988759309,0.0032288885766474634,0.0031449999931223143
2013,3,8,5647.375,174.375,124.625,24.796874999999996,28.225000000000005,18.588660317804344,2013-03-01,0.00439086743841165,0.03087717744970008,0.022067774851147658,0.0049978972531485874,0.0032915576383371645
2013,4,7,4906.0,173.85714285714286,110.85714285714286,28.764285714285723,26.650000000000023,22.22538834092134,2013-04-01,0.0058630831052355736,0.0354376565138897,0.022596237842874616,0.005432123929881782,0.004530246298597909
2013,5,7,4757.714285714285,170.28571428571428,105.85714285714286,31.274999999999995,26.39999999999999,20.110134261113217,2013-05-01,0.0065735347105452795,0.035791496516934904,0.022249579630074467,0.005548883017055007,0.004226847820916182
2013,6,7,3725.714285714286,124.28571428571429,79.85714285714286,22.439285714285713,13.27500000000001,16.72243912346805,2013-06-01,0.006022814417177913,0.033358895705521474,0.021434049079754602,0.0035630751533742354,0.004488384734059676
2013,7,5,5156.8,173.8,89.4,40.584999999999994,35.875000000000014,25.154302564372536,2013-07-01,0.007870190816009927,0.03370307167235495,0.01733633260937015,0.006956833695314926,0.00487788988604804
2013,9,4,5637.25,181.5,131.5,23.36249999999999,15.699999999999996,17.279678575328493,2013-09-01,0.00414430795157213,0.0321965497361302,0.02332697680606679,0.0027850459000399123,0.003065267386638608
2013,10,9,3721.222222222222,133.0,81.55555555555556,24.099999999999998,16.849999999999994,20.703211556422826,2013-10-01,0.006476366785106446,0.035740945328595744,0.021916335731987698,0.0045280821713296095,0.0055635515215372916
2013,11,8,4423.125,139.75,97.375,20.325,23.075000000000003,16.59645508620957,2013-11-01,0.004595167443832132,0.03159530874664406,0.02201497809806415,0.005216899816306345,0.00375220123469483
2013,12,4,3326.25,117.5,71.0,27.187499999999993,12.262500000000003,31.88605037211934,2013-12-01,0.008173618940248024,0.03532506576475009,0.021345358887636227,0.003686583990980835,0.009586185756368083
2014,1,4,7577.0,251.0,136.5,55.893750000000004,47.3,41.30077872046322,2014-01-01,0.007376765210505478,0.03312656724297215,0.018015045532532664,0.00624257621750033,0.00545080885844836
2014,2,2,5034.5,166.0,109.5,29.1625,29.1625,16.952885078947475,2014-02-01,0.005792531532426259,0.03297248982024034,0.02174992551395372,0.005792531532426259,0.0033673423535499998
2014,3,8,4033.125,136.625,83.5,23.234375000000007,18.724999999999998,23.394962589274897,2014-03-01,0.005760886409421976,0.033875716720905,0.02070354873702154,0.004642801797613513,0.005800703570872437
2014,4,5,4393.0,119.8,83.8,18.75500000000001,16.975,10.644473331264454,2014-04-01,0.0042692920555429115,0.027270657864784883,0.01907580241292966,0.0038641019804234013,0.0024230533419677793
2014,5,5,3163.8,114.6,58.2,19.235000000000007,19.0,4.284040149204955,2014-05-01,0.006079714267652824,0.036222264365636254,0.018395600227574437,0.006005436500410898,0.001354080583224273
2014,6,5,4635.2,167.6,109.2,21.695000000000004,17.499999999999996,19.284914765173333,2014-06-01,0.004680488436313429,0.036158094580600625,0.023558853986882983,0.003775457369692785,0.00416053563280405
2014,7,4,6125.0,202.5,122.75,32.056249999999984,25.499999999999993,20.807664603458008,2014-07-01,0.005233673469387753,0.03306122448979592,0.02004081632653061,0.004163265306122448,0.0033971697311768177
2014,8,2,6821.5,221.0,174.5,17.0875,17.0875,13.770904563608003,2014-08-01,0.0025049475921718094,0.03239756651762809,0.025580883969801363,0.0025049475921718094,0.002018750210893206
2014,9,7,2593.8571428571427,74.85714285714286,47.857142857142854,16.82857142857143,16.649999999999995,18.49085600918414,2014-09-01,0.006487855923335353,0.028859393071542658,0.01845018450184502,0.0064190119513135415,0.007128710253031282
2014,10,7,4751.285714285715,147.85714285714286,84.85714285714286,39.60000000000002,22.40000000000004,41.16092655662653,2014-10-01,0.008334586127063356,0.03111939625364563,0.01785982741513575,0.00471451336480352,0.008663113319594266
2014,11,5,4368.4,162.6,111.2,17.765000000000008,17.200000000000003,20.1519974196108,2014-11-01,0.004066706345572752,0.037221866129475326,0.025455544364069226,0.00393736837285963,0.004613130074995605
2014,12,4,3602.25,116.0,88.0,14.287500000000003,8.925,16.120567866341855,2014-12-01,0.003966271080574642,0.032202095912277046,0.024429176209313622,0.0024776181553195923,0.004475138556830274
2015,1,4,5511.25,189.0,104.0,36.61874999999999,24.025,35.861489180595925,2015-01-01,0.006644363801315489,0.03429349058743479,0.018870492175096395,0.004359265139487412,0.006506961067016725
2015,2,4,3689.0,120.75,92.25,9.868750000000002,9.662500000000003,3.2541880067588806,2015-02-01,0.0026751829764163734,0.03273244781783681,0.02500677690431011,0.002619273515857957,0.0008821328291566497
2015,3,7,5487.285714285715,171.57142857142858,106.14285714285714,25.417857142857137,23.049999999999983,25.347003086680477,2015-03-01,0.004632136627528571,0.031267084949623804,0.019343417250266847,0.00420061961417302,0.0046192242224040855
2015,4,6,4213.666666666667,124.33333333333333,76.0,21.04166666666667,20.1,16.312278095553264,2015-04-01,0.004993671386757378,0.029507159243730714,0.018036547741476148,0.004770192231627245,0.0038712787189826587
2015,5,6,3764.5,104.66666666666667,65.0,17.8125,21.499999999999993,16.959656172812,2015-05-01,0.004731704077566742,0.027803603842918495,0.017266569265506706,0.005711249833975294,0.004505155046569797
2015,6,7,3991.285714285714,125.28571428571429,82.0,19.12857142857143,9.5,29.999386898497022,2015-06-01,0.004792583843373063,0.03138981352231648,0.02054475822327213,0.0023801854039156734,0.007516221349707547
2015,7,5,4459.8,141.2,100.2,17.205000000000005,9.649999999999991,24.775544898145032,2015-07-01,0.003857796313736043,0.03166061258352392,0.02246737521861967,0.0021637741602762435,0.005555304026670486
2015,8,2,3208.5,85.0,47.0,15.962500000000002,15.962500000000002,2.1389980130893047,2015-08-01,0.004975066230325698,0.02649213027894655,0.014648589683652798,0.004975066230325698,0.0006666660474019962
2015,9,6,5905.833333333333,164.83333333333334,115.5,20.650000000000016,19.01250000000001,9.672512600146886,2015-09-01,0.0034965429659940764,0.02791025821927473,0.019556935233526175,0.0032192747283759015,0.0016377896317449222
2015,10,8,3494.0,106.25,68.25,19.640625,14.174999999999994,16.332717698249557,2015-10-01,0.005621243560389239,0.03040927303949628,0.019533485975958786,0.004056954779622208,0.004674504206711378
2015,11,9,4105.333333333333,140.22222222222223,70.33333333333333,28.827777777777776,28.075000000000017,17.16329861781949,2015-11-01,0.00702203096243369,0.03415611129154488,0.017132185774602144,0.006838665151023064,0.004180732043963825
2015,12,6,4564.666666666667,114.83333333333333,92.83333333333333,14.066666666666668,8.200000000000001,18.793301111477646,2015-12-01,0.0030816415948590626,0.025157003067036655,0.020337374032422955,0.0017964071856287427,0.004117124531505253
2016,1,4,5306.75,132.5,82.0,24.156250000000036,8.1375,34.33506695663591,2016-01-01,0.004551985678616863,0.024968200876242522,0.015452018655485938,0.0015334244123050831,0.006470074331113377
2016,2,5,3328.4,94.8,66.4,11.775,9.100000000000003,13.218334804354141,2016-02-01,0.003537735849056604,0.028482153587309215,0.019949525297440214,0.0027340463886552104,0.003971378080865924
2016,3,5,5981.2,143.4,117.0,17.440000000000005,11.249999999999998,11.548601105761684,2016-03-01,0.0029158028489266376,0.023975122049087142,0.019561292048418378,0.0018808934661940745,0.001930816743423006
2016,4,3,4947.666666666667,148.33333333333334,72.33333333333333,39.03333333333334,53.85,25.83661807074087,2016-04-01,0.007889240719531093,0.029980462170720205,0.01461968604729502,0.010883918345347975,0.005221980341724894
2016,5,3,5986.333333333333,196.33333333333334,94.33333333333333,37.12500000000002,46.90000000000004,34.97737661689338,2016-05-01,0.0062016259257196985,0.032796926332201125,0.01575811570800156,0.00783451194387216,0.005842871532417181
2016,6,7,4185.285714285715,121.42857142857143,89.71428571428571,15.492857142857142,17.800000000000008,18.09926169238745,2016-06-01,0.0037017442058913876,0.029013209543639278,0.021435641874594666,0.004252995187220536,0.004324498475840944
2016,7,3,5134.0,156.0,96.0,32.583333333333314,24.250000000000004,29.157260387994814,2016-07-01,0.006346578366445912,0.030385664199454616,0.018698870276587457,0.004723412543825478,0.005679248225164552
2016,8,2,5383.5,131.0,126.0,2.3000000000000003,2.3000000000000003,1.8738329701443532,2016-08-01,0.00042723135506640665,0.024333611962477943,0.02340484814711619,0.00042723135506640665,0.00034806965174038324
2016,9,7,4766.714285714285,137.71428571428572,120.28571428571429,8.56785714285715,12.425,29.914122620308557,2016-09-01,0.001797434591063028,0.028890820271525765,0.02523451314172686,0.0026066173165103248,0.0062756273666245066
2016,10,7,4586.285714285715,133.28571428571428,71.14285714285714,24.5,21.42499999999998,12.630749515897042,2016-10-01,0.005342013456267131,0.029061799152753545,0.01551208572140543,0.004671536257164211,0.002754025872516798
2016,11,10,4447.9,123.1,78.8,20.869999999999997,9.837500000000002,24.209711091029362,2016-11-01,0.004692101890779918,0.027675981924054047,0.01771622563456912,0.002211717889341038,0.005442953099446787
2016,12,5,5003.2,169.8,102.2,28.96500000000001,39.5,33.61747406483716,2016-12-01,0.005789294851295174,0.03393827950111929,0.020426926766869205,0.007894947233770388,0.006719194528469212
2017,1,5,4207.4,128.6,89.0,16.45499999999998,21.199999999999992,12.614579858243374,2017-01-01,0.003910966392546462,0.03056519465703285,0.02115320625564482,0.00503874126538955,0.0029981888715699422
2017,2,4,6782.75,197.75,95.0,44.16874999999996,24.862499999999997,52.585966818629394,2017-02-01,0.0065119236297961685,0.029154841325421104,0.014006118462275625,0.0036655486344034497,0.007752897691737038
2017,3,9,4576.0,145.77777777777777,65.11111111111111,38.2388888888889,30.700000000000028,21.752683423226454,2017-03-01,0.008356400543900546,0.031857031857031856,0.01422882672882673,0.00670891608391609,0.004753645852977809
2017,4,6,4498.666666666667,133.5,99.5,8.045833333333336,12.025000000000002,28.77615513175217,2017-04-01,0.0017884928867812691,0.029675459395376406,0.022117664493183163,0.0026730142264374634,0.006396596428219954
2017,5,6,6529.5,177.5,89.33333333333333,38.25416666666666,35.8,20.01723892465358,2017-05-01,0.005858667075069555,0.027184317329045103,0.013681496796589835,0.005482808790872195,0.003065661830868149
2017,6,8,3894.75,106.5,73.75,15.859375,10.449999999999996,15.238408577740095,2017-06-01,0.004071987932473201,0.027344502214519544,0.01893574683869311,0.002683099043584311,0.003912551146476692
2017,7,8,4614.5,132.0,86.0,20.934375000000003,35.0,23.3368383581318,2017-07-01,0.004536650774731824,0.028605482717520857,0.01863690540686965,0.007584787084191137,0.005057284290417553
2017,8,2,5251.0,190.0,129.0,13.75,13.75,20.576807332528546,2017-08-01,0.002618548847838507,0.03618358407922301,0.024566749190630358,0.002618548847838507,0.003918645464202732
2017,9,7,6538.285714285715,180.57142857142858,105.71428571428571,38.93571428571426,44.15000000000001,22.31227640944391,2017-09-01,0.005955034084950179,0.027617549379479113,0.016168502010138086,0.006752534521936726,0.0034125575700512884
2017,10,7,3351.8571428571427,102.14285714285714,65.14285714285714,17.667857142857134,10.85,28.070319861783833,2017-10-01,0.005271065081191661,0.030473511486169714,0.019434854877892854,0.0032370114648595663,0.008374557346992578
2017,11,7,3790.285714285714,115.42857142857143,49.714285714285715,33.47499999999999,40.025,18.65369154707274,2017-11-01,0.00883178802954922,0.0304537916478215,0.013116236996834013,0.010559889944218302,0.004921447340174475
2017,12,3,3691.3333333333335,117.66666666666667,52.333333333333336,35.72499999999997,30.02500000000001,30.674796250342027,2017-12-01,0.009678074769730894,0.03187646740111974,0.014177352356871953,0.008133917283727652,0.008309950221331594
2018,1,4,4482.75,167.0,57.75,46.49374999999994,19.28750000000001,67.90199547570982,2018-01-01,0.010371702637889675,0.03725391779599576,0.012882717082148235,0.00430260442808544,0.01514739735111479
2018,2,4,1973.0,81.0,43.75,17.33125,19.4125,9.085092528422592,2018-02-01,0.008784211860111506,0.041054232133806386,0.02217435377597567,0.00983907754688292,0.004604709847147791
2018,3,5,4187.2,141.6,61.0,33.995000000000005,42.24999999999999,22.893437924435908,2018-03-01,0.008118790599923579,0.03381734810852121,0.014568207871608714,0.010090275124188,0.0054674813537533215
2018,4,4,3626.25,146.75,92.5,21.73125000000001,30.162500000000012,22.085915336476333,2018-04-01,0.005992761116856259,0.04046880386073767,0.0255084453636677,0.008317821440882457,0.006090566104509158
2018,5,9,4214.444444444444,143.88888888888889,64.55555555555556,36.37777777777777,30.52500000000001,25.618512728970895,2018-05-01,0.008631689955180594,0.03414184023200633,0.015317690482467705,0.007242947534932773,0.006078740167696758
2018,6,4,3698.0,125.5,65.0,28.44999999999998,20.425000000000008,28.999109181720243,2018-06-01,0.007693347755543532,0.03393726338561385,0.017577068685776097,0.005523255813953491,0.007841835906360261
2018,7,2,2658.0,82.5,55.5,6.449999999999997,6.449999999999997,14.849242404917497,2018-07-01,0.0024266365688487574,0.031038374717832957,0.0208803611738149,0.0024266365688487574,0.005586622424724416
2018,8,3,5527.666666666667,153.0,99.0,27.583333333333314,8.349999999999998,44.18479895092123,2018-08-01,0.004990050051257308,0.027678948320569257,0.01790990773683893,0.0015105831272990407,0.007993390632139158
2018,9,4,3641.0,106.0,60.75,28.787499999999987,17.825,29.82262494035915,2018-09-01,0.007906481735786869,0.029112881076627302,0.016684976654765173,0.004895633067838506,0.00819077861586354
2018,10,7,3955.5714285714284,119.0,64.42857142857143,23.625,27.2,20.169076990944983,2018-10-01,0.005972588392502438,0.03008414894001228,0.01628805662898624,0.006876376900574235,0.005098903497295492
2018,11,7,4180.285714285715,143.57142857142858,93.0,22.914285714285718,7.199999999999999,27.299358421730275,2018-11-01,0.005481511858382886,0.03434488415009227,0.022247283165880663,0.0017223703096165672,0.006530500613495725
2018,12,8,3729.875,124.125,59.125,30.434375,27.425000000000015,15.877797489733886,2018-12-01,0.008159623311773183,0.03327859512718254,0.015851737658768725,0.007352793324173066,0.004256924827168172
2019,1,6,4081.3333333333335,137.5,54.333333333333336,35.458333333333364,20.5875,49.06492807155303,2019-01-01,0.00868792878144398,0.033689970597843844,0.013312642927147992,0.005044307415877164,0.012021788975388687
2019,2,11,2733.181818181818,92.45454545454545,32.90909090909091,29.161363636363635,28.20000000000001,12.458608287226358,2019-02-01,0.010669383003492433,0.03382670879760519,0.012040578746050225,0.010317645102278401,0.004558280098436386
2019,3,12,3724.4166666666665,129.91666666666666,66.16666666666667,30.174999999999997,29.112500000000004,24.557784361120042,2019-03-01,0.00810193990110308,0.03488242006578211,0.017765645626831944,0.00781666032712058,0.00659372636281835
2019,4,6,3141.0,104.5,32.666666666666664,30.929166666666664,35.91250000000001,17.732945445319192,2019-04-01,0.009846917117690755,0.03326965934415791,0.010400084898652233,0.011433460681311687,0.0056456368816680015
2019,5,13,4234.7692307692305,117.46153846153847,62.38461538461539,26.771153846153847,16.4,26.753899338371077,2019-05-01,0.006321750345128243,0.02773741190147497,0.014731526556710022,0.0038727021724914625,0.006317675859166316
2019,6,8,2807.125,88.75,46.25,20.059374999999996,17.175,15.73793720316338,2019-06-01,0.007145878790577547,0.03161597720087278,0.01647593178073652,0.0061183595315491834,0.005606425507650489
2019,7,7,4290.285714285715,132.28571428571428,84.71428571428571,22.3642857142857,9.249999999999998,28.82640520260479,2019-07-01,0.005212773042088435,0.03083377730420884,0.019745604688332443,0.002156033564198188,0.006718994286701968
2019,8,3,3247.6666666666665,128.33333333333334,41.666666666666664,38.94166666666667,31.90000000000001,20.682002038809813,2019-08-01,0.011990659960997642,0.039515549625372064,0.012829723904341579,0.009822436621163916,0.006368265022727029
2019,9,7,4566.571428571428,137.28571428571428,77.71428571428571,25.364285714285703,17.425000000000008,17.394179205645045,2019-09-01,0.005554338985171743,0.030063192141650503,0.017018081711818806,0.0038157730088218753,0.0038090237890106775
2019,10,14,2948.0714285714284,96.07142857142857,42.57142857142857,23.94285714285714,15.812499999999996,22.719047897362163,2019-10-01,0.008121532236571123,0.0325878903883895,0.01444043321299639,0.005363676010951468,0.0077064102576277545
2019,11,8,4673.5,123.625,67.0,25.250000000000004,23.724999999999998,11.884653970562207,2019-11-01,0.005402803038408046,0.02645233764844335,0.014336150636567882,0.005076495132127955,0.0025429879042606625
2019,12,3,4489.666666666667,132.33333333333334,72.66666666666667,29.541666666666647,18.599999999999987,32.81059597650326,2019-12-01,0.0065799242705471776,0.029475090949587942,0.016185314425718317,0.004142846536491199,0.007308024940939176
2020,1,6,4840.166666666667,182.83333333333334,65.0,51.42499999999998,39.075,52.21261102454076,2020-01-01,0.010624634137942904,0.03777418132984401,0.013429289625012912,0.008073069109190456,0.010787358085026155
2020,2,8,3729.5,158.625,49.375,47.671875,42.062500000000014,30.46248992467153,2020-02-01,0.012782376994235152,0.04253251106046387,0.013239040085802387,0.011278321490816466,0.008167982283059802
2020,3,6,2292.6666666666665,71.83333333333333,54.166666666666664,6.174999999999997,4.8125,5.707363664600323,2020-03-01,0.0026933701657458555,0.03133178249491131,0.02362605408548997,0.0020990840360569935,0.0024893996792382917
2020,4,3,4121.333333333333,141.33333333333334,103.0,10.041666666666663,7.500000000000002,7.397564351415483,2020-04-01,0.002436509220317049,0.03429310902620512,0.02499191200258816,0.0018197994176641869,0.0017949444398452322
2020,5,5,1133.2,37.8,32.0,2.2700000000000005,1.95,2.185348942388835,2020-05-01,0.002003176844334628,0.03335686551358983,0.028238616307800918,0.0017207906812566182,0.0019284759463367761
2020,6,5,3707.8,131.4,89.4,15.564999999999973,5.499999999999999,28.267812968109094,2020-06-01,0.0041979071147310995,0.035438804682021686,0.02411133286585037,0.0014833594044986241,0.007623877492882327
2020,7,4,4336.5,132.5,104.0,9.568750000000005,6.375000000000014,18.56074907567041,2020-07-01,0.0022065605903378313,0.03055459471924363,0.02398247434567047,0.0014700795572466308,0.004280122005227813
2020,8,7,3832.285714285714,124.14285714285714,52.57142857142857,32.014285714285705,32.9,19.666171553493275,2020-08-01,0.008353835830910308,0.03239394617162454,0.013718034742414075,0.00858495489450533,0.00513170807703172
2020,9,6,5035.333333333333,185.66666666666666,91.66666666666667,44.3458333333333,31.687499999999982,37.020721956313366,2020-09-01,0.008806931020786437,0.03687276578842844,0.018204686879385677,0.006293029259896727,0.007352188922874362
2020,10,11,2728.5454545454545,105.36363636363636,58.45454545454545,21.527272727272734,21.5,12.040766454764498,2020-10-01,0.00788965149596855,0.038615312854001466,0.02142333577663757,0.007879656160458453,0.0044128883521826305
2020,11,6,4625.0,148.33333333333334,78.83333333333333,34.52499999999997,35.825,25.662555406662026,2020-11-01,0.007464864864864858,0.03207207207207208,0.017045045045045042,0.007745945945945946,0.005548660628467465
2020,12,7,3812.0,143.14285714285714,70.57142857142857,32.846428571428554,19.85,25.97439616145831,2020-12-01,0.008616586718632885,0.03755059211512517,0.018512966571728375,0.005207240293809024,0.006813849989889378
2021,1,7,4308.428571428572,148.0,73.0,34.27857142857141,21.225000000000016,45.29833612785767,2021-01-01,0.007956165655359922,0.034351271593885735,0.016943532610497695,0.00492639013229882,0.010513888155940305
2021,2,7,3369.5714285714284,112.85714285714286,75.57142857142857,12.342857142857152,9.675000000000004,19.442831338984316,2021-02-01,0.0036630347225166436,0.03349302581930725,0.022427608428371562,0.0028712850298893474,0.005770119954758563
2021,3,12,3525.1666666666665,116.83333333333333,62.333333333333336,25.077083333333317,20.29999999999999,21.333050165319968,2021-03-01,0.00711372984728854,0.03314264100988133,0.017682379083731267,0.005758592974327453,0.0060516429952210205
2021,4,3,5413.0,172.0,89.33333333333333,38.20833333333328,28.67499999999997,36.32566528411185,2021-04-01,0.007058624299525823,0.03177535562534639,0.01650347927828068,0.005297432107888411,0.006710819376336939
2021,5,9,3258.222222222222,100.33333333333333,51.888888888888886,22.18333333333333,16.499999999999996,11.54548071757949,2021-05-01,0.006808416314281816,0.030793888964670574,0.015925521756922658,0.005064111308143499,0.0035434908763543656
2021,6,6,4550.5,160.0,78.5,35.829166666666644,32.57500000000002,35.18832340658849,2021-06-01,0.007873676885323953,0.03516097132183277,0.0172508515547742,0.007158554005054394,0.0077328476885152155
2021,7,4,4117.5,151.75,67.75,40.74999999999993,22.0,47.011186611982616,2021-07-01,0.00989678202792955,0.03685488767455981,0.016454159077109898,0.005343047965998785,0.011417410227561047
2021,8,5,2995.2,81.6,49.0,15.940000000000003,17.524999999999995,6.661212352117294,2021-08-01,0.005321848290598292,0.027243589743589744,0.016359508547008548,0.00585102831196581,0.002223962457304118
2021,9,6,3705.8333333333335,141.16666666666666,61.166666666666664,36.17916666666665,26.0625,33.55602560147231,2021-09-01,0.009762761412187989,0.03809309646953002,0.016505509332134023,0.00703283112210479,0.00905492033320593
2021,10,10,3524.8,103.0,57.5,21.650000000000006,23.437500000000007,12.866305046731782,2021-10-01,0.0061421924648207005,0.029221516114389466,0.016312982296867905,0.006649313436223333,0.0036502227209293525
2021,11,12,3232.4166666666665,104.16666666666667,46.666666666666664,27.024999999999995,18.975,23.36760335087096,2021-11-01,0.008360617700894583,0.03222563097785455,0.014437082678078837,0.0058702209389259845,0.007229143319251632
2021,12,4,6289.25,223.25,127.75,43.18124999999992,44.84999999999989,50.90234676564521,2021-12-01,0.006865882259410887,0.03549707834797472,0.020312437890050484,0.007131215963747647,0.008093548001056598
2022,1,4,4148.0,133.75,50.0,35.537499999999994,2.775,66.84885158574777,2022-01-01,0.008567381870781097,0.032244455159112825,0.012054001928640309,0.0006689971070395371,0.016115923718839867
2022,2,4,2448.5,79.0,34.0,22.893750000000004,27.150000000000002,16.026597359285805,2022-02-01,0.009350112313661427,0.03226465182764958,0.013886052685317542,0.011088421482540332,0.006545475744041579
2022,3,5,3711.8,104.0,79.6,13.030000000000001,9.399999999999997,21.290119480641728,2022-03-01,0.0035104262083086374,0.028018751010291502,0.02144512096556926,0.0025324640336225,0.005735793814494781
2022,4,1,4669.0,108.0,79.0,18.30000000000001,18.30000000000001,,2022-04-01,0.003919468837010069,0.02313129149710859,0.016920111372884985,0.003919468837010069,
2022,5,7,3126.0,95.71428571428571,63.57142857142857,14.08214285714286,14.300000000000002,18.605821861526486,2022-05-01,0.004504844164153187,0.030618773421076682,0.020336349511013617,0.004574536148432502,0.005951958369010392
2022,6,6,3020.3333333333335,89.0,56.166666666666664,17.375000000000004,16.475,9.846509533839901,2022-06-01,0.0057526763050435945,0.02946694625317294,0.01859618143692749,0.005454695949674429,0.003260073788932756
2022,7,5,3893.2,116.4,80.0,17.935000000000002,16.85,13.96739059380814,2022-07-01,0.0046067502311723015,0.029898284187814653,0.020548648926333096,0.004328059180108908,0.0035876375716141326
2022,8,5,2394.2,79.0,45.4,12.760000000000003,12.374999999999998,21.892483013582535,2022-08-01,0.0053295464038092075,0.032996407985966085,0.018962492690669117,0.005168741124383928,0.009143965839772172
2022,9,8,3547.875,108.25,64.75,20.715624999999996,17.3,21.744038335254103,2022-09-01,0.005838882429623365,0.030511221505830955,0.01825036113166332,0.004876158263749428,0.006128749839059748
2022,10,7,2960.5714285714284,82.71428571428571,56.42857142857143,11.542857142857143,14.249999999999996,10.246744546904825,2022-10-01,0.0038988612237019884,0.027938621887666472,0.019060027021810463,0.0048132599884192235,0.0034610698623978855
2022,11,8,3438.375,89.25,74.75,10.325000000000003,15.062500000000004,20.316174942289567,2022-11-01,0.003002871996219145,0.0259570291198604,0.021739920747446104,0.004380703093757953,0.005908655961693989
2022,12,2,4766.0,113.5,104.5,10.837500000000006,10.837500000000006,13.346640494896093,2022-12-01,0.002273919429290811,0.023814519513218634,0.021926143516575746,0.002273919429290811,0.002800386171820414
2023,1,6,2668.1666666666665,71.66666666666667,40.5,16.841666666666665,19.2125,18.35124428115616,2023-01-01,0.006312074458117309,0.026859891311137488,0.015178961833968394,0.007200637141607845,0.0068778478160370395
2023,2,10,3292.6,97.4,60.7,16.427499999999995,12.149999999999999,15.898661063470437,2023-02-01,0.004989218246978071,0.02958148575593756,0.01843527911073316,0.0036900929356739353,0.0048286038581881905
2023,3,8,3827.375,118.375,64.0,23.703124999999975,8.4375,35.69750500860363,2023-03-01,0.006193050066951886,0.030928508442470363,0.016721643424017767,0.0022045135373460925,0.00932688984188997
2023,4,7,2768.714285714286,98.85714285714286,36.285714285714285,26.95357142857144,20.0,20.132645693476253,2023-04-01,0.009735049791032459,0.035705071977710126,0.013105618905113255,0.007223569475259275,0.007271478244380257
2023,5,13,3161.846153846154,110.15384615384616,63.61538461538461,20.007692307692313,9.550000000000002,19.372170182096347,2023-05-01,0.0063278513040093435,0.03483845854418062,0.020119696379914363,0.003020387310237447,0.006126854135053828
2023,6,7,2941.5714285714284,101.0,59.0,15.753571428571432,10.6,15.993009075396479,2023-06-01,0.005355495119226848,0.034335389247729595,0.02005730659025788,0.00360351609926667,0.005436892988576338
2023,7,3,4266.0,117.66666666666667,80.33333333333333,12.60833333333334,8.275000000000004,11.126947395100483,2023-07-01,0.002955539928113769,0.027582434755430537,0.018831067354274103,0.0019397562119081117,0.0026082858403892366
2023,8,4,1593.5,46.0,33.0,7.881250000000003,7.9875,7.901091037529778,2023-08-01,0.0049458738625666795,0.028867273297772198,0.02070913084405397,0.005012550988390336,0.0049583250941511
2023,9,8,2306.625,78.625,35.75,21.834375,17.674999999999997,16.148086670717376,2023-09-01,0.009465940497480086,0.03408659838508644,0.015498834877797648,0.0076627106703517035,0.007000742067183602
2023,10,14,2755.285714285714,102.21428571428571,35.92857142857143,28.275000000000002,24.775,19.722934229353008,2023-10-01,0.0102620936382019,0.03709752683154456,0.013039871415979676,0.008991807953543837,0.007158217431714163
2023,11,15,3396.133333333333,101.6,74.66666666666667,11.964999999999998,9.675,18.114595042987556,2023-11-01,0.003523124337481842,0.02991637548584665,0.02198578775862746,0.0028488280789917947,0.005333888061811734
2023,12,4,3296.0,93.75,54.5,20.38125,23.000000000000004,11.948698935449004,2023-12-01,0.006183631674757282,0.02844356796116505,0.01653519417475728,0.0069781553398058265,0.0036252120556580715
2024,1,3,3155.0,83.33333333333333,50.666666666666664,16.733333333333334,4.550000000000001,24.783176417346773,2024-01-01,0.005303750660327523,0.026413100898045428,0.016059165346011622,0.0014421553090332808,0.007855206471425284
